관리번호,횡단보도폭,횡단보도길이,관할지역
2022120116,4.75,5.69,호계3동
2022120117,6.99,8.55,호계3동
2022120118,18.01,18.51,호계3동
2022120119,5.03,6.41,호계3동
2022120120,3.61,3.73,호계3동
2022120121,3.1,5.08,호계3동
2022120122,6.4,6.55,호계3동
2022120123,3.51,4.21,호계1동
2022120124,12.43,16.01,호계3동
2022120125,24.14,24.78,호계3동
2022120126,7.82,13.76,호계3동
2022120127,7.31,7.77,호계3동
2022120128,9.58,12.97,호계3동
2022120129,9.14,13.5,호계3동
2022120130,6.59,9.25,호계3동
2022120131,7.13,7.76,호계1동
2022120132,3.57,4.49,호계3동
2022120133,14.65,14.76,호계3동
2022120134,7.74,7.79,호계3동
2022120135,11.58,17.98,호계1동
2022120136,16.49,18.1,호계1동
2022120137,8.25,9.41,호계3동
2022120138,6.45,10.05,호계3동
2022120139,6.82,8.8,호계3동
2022120140,6.51,10.06,호계3동
2022120141,7.06,11.18,호계3동
2022120142,6.5,7.97,호계3동
2022120143,4.62,4.93,호계3동
2022120144,15.01,15.32,호계3동
2022120145,22.2,30.88,호계1동
2022120146,7.27,7.8,호계3동
2022120147,4.95,7.32,호계1동
2022120148,4.31,7.09,호계1동
2022120149,4.56,8.4,호계1동
2022120150,4.63,8.38,호계1동
2022120151,4.37,7.34,호계1동
2022120152,19.62,21.4,호계1동
2022120153,6.29,7.91,호계1동
2022120154,4.86,8.24,호계1동
2022120155,4.84,8.42,호계1동
2022120156,4.53,8.41,호계1동
2022120157,6.43,9.46,호계1동
2022120158,2.24,6.05,호계1동
2022120159,5.04,8.52,호계1동
2022120160,13.4,22.1,호계1동
2022120161,14.26,38.95,호계3동
2022120162,4.62,7.33,호계1동
2022120163,4.57,8.29,호계1동
2022120164,4.39,6.95,호계1동
2022120165,4.48,7.63,호계1동
2022120166,3.96,7.15,호계1동
2022120167,7.81,13.64,호계1동
2022120168,10.06,13.07,호계1동
2022120169,8.21,14.59,호계1동
2022120170,9.72,13.01,호계1동
2022120171,2.47,6.84,호계1동
2022120172,9.42,14.4,호계1동
2022120173,4.41,7.34,호계1동
2022120174,12.53,40.58,호계1동
2022120175,2.69,4.07,호계1동
2022120176,4.94,4.99,호계1동
2022120177,3.11,3.79,호계1동
2022120178,1.97,8.09,호계1동
2022120179,2.8,4.06,호계1동
2022120180,3.69,9.4,호계1동
2022120181,4.04,14.86,호계1동
2022120182,7.47,7.77,호계1동
2022120183,7.6,8.25,호계1동
2022120184,9.97,10.49,호계1동
2022120185,9.13,9.73,호계1동
2022120186,6.54,7.06,호계1동
2022120187,10.34,14.16,호계1동
2022120188,10.34,13.13,호계1동
2022120189,12,12.79,호계1동
2022120190,4.83,8.23,호계1동
2022120191,6.44,15.34,호계1동
2022120292,4.47,7.01,신촌동
2022120293,6.02,6.37,신촌동
2022120294,6.25,8.54,신촌동
2022120295,19.66,30.57,신촌동
2022120296,18.54,39.4,귀인동
2022120297,6.02,9.48,귀인동
2022120298,20.28,32.64,귀인동
2022120299,3.91,4.54,갈산동
2022120300,3.34,11.32,귀인동
2022120301,7.53,9.71,귀인동
2022120302,3.36,9.82,귀인동
2022120303,5.73,8.93,귀인동
2022120304,14.11,21.12,귀인동
2022120305,7.24,7.82,귀인동
2022120306,6.5,8.03,귀인동
2022120307,9.02,9.81,갈산동
2022120308,6.62,7.08,갈산동
2022120309,6.72,8.59,귀인동
2022120310,6.75,9.66,귀인동
2022120311,6.89,8.8,귀인동
2022120312,8.66,9.25,신촌동
2022120313,6.49,8.56,신촌동
2022120314,7.33,8.23,귀인동
2022120315,5.86,6.3,신촌동
2022120192,7.12,12.77,호계1동
2022120193,2.2,9.23,호계1동
2022120194,6.75,16.51,호계1동
2022120195,6.45,24.93,호계1동
2022120196,17.39,19.47,호계1동
2022120197,6.72,14.47,호계1동
2022120198,20.91,24.36,호계1동
2022120199,18.95,20.48,호계1동
2022120200,8.56,9.13,호계1동
2022120201,5.27,5.6,호계1동
2022120202,6.52,9.75,호계1동
2022120203,5.88,8.85,갈산동
2022120204,4.61,7.47,호계2동
2022120205,8.82,13.34,호계1동
2022120206,8.25,10.66,갈산동
2022120207,10.03,16.69,신촌동
2022120208,4.35,4.84,호계1동
2022120209,4.47,4.68,호계1동
2022120210,4.29,4.67,호계1동
2022120211,4.92,6.95,호계1동
2022120212,3.58,4.14,호계1동
2022120213,2.97,4.21,호계1동
2022120214,3.48,3.73,호계1동
2022120215,3.35,3.48,호계1동
2022120216,3.49,3.68,호계1동
2022120217,5.74,7.8,호계1동
2022120218,6.54,9.67,호계1동
2022120219,6.57,9.92,호계1동
2022120220,5.5,8.54,호계1동
2022120221,5.02,7.45,호계1동
2022120222,6.75,10.49,호계1동
2022120223,7.54,13.28,호계1동
2022120224,9.08,14.28,호계1동
2022120225,6.24,7.78,호계1동
2022120226,4.13,7.19,호계2동
2022120227,8.86,13.23,호계1동
2022120228,5.03,6.61,신촌동
2022120229,8.44,13.21,호계1동
2022120230,8.24,13.77,호계1동
2022120231,18.06,18.09,호계1동
2022120232,10.36,12.37,호계1동
2022120233,7.72,12.84,신촌동
2022120234,6.11,9.05,갈산동
2022120235,5.14,6.73,갈산동
2022120236,6.52,9.06,신촌동
2022120237,6.97,9.64,신촌동
2022120238,2.13,5.95,갈산동
2022120239,7.51,9.13,갈산동
2022120240,4.36,5.03,갈산동
2022120241,8.49,8.59,신촌동
2022120242,3.36,3.49,갈산동
2022120243,5.74,7.36,갈산동
2022120244,6.37,6.72,신촌동
2022120245,6.51,6.9,신촌동
2022120246,7.91,8.93,신촌동
2022120247,6.09,7.38,신촌동
2022120248,5.22,5.62,신촌동
2022120249,7.28,10.21,호계1동
2022120250,16.85,34.8,신촌동
2022120251,3.27,6.29,호계2동
2022120252,3.8,4.5,호계2동
2022120253,4.16,8.59,호계2동
2022120254,4.35,6.51,호계2동
2022120255,3.72,13.65,호계2동
2022120256,6.45,9.39,호계2동
2022120257,6.92,11.94,호계2동
2022120258,4.51,12.82,호계2동
2022120259,2.66,9.35,호계2동
2022120260,7.37,9.56,호계2동
2022120261,6.87,8.33,호계2동
2022120262,8.23,10.68,호계2동
2022120263,8.53,13.42,호계2동
2022120264,7.09,10.24,호계2동
2022120265,5.59,6.24,호계2동
2022120266,4.8,8.63,호계2동
2022120267,4.71,7.38,호계2동
2022120268,5.18,5.87,호계2동
2022120269,8.39,9.05,호계2동
2022120270,5.3,9.24,호계2동
2022120271,4.78,7.26,호계2동
2022120272,9.06,10.74,호계2동
2022120273,5.16,5.58,호계2동
2022120274,9.07,11.6,호계2동
2022120275,9.09,10.67,호계2동
2022120276,4.38,7.28,호계2동
2022120277,8.47,10.95,호계2동
2022120278,6.19,9.87,호계2동
2022120279,5.82,7.24,호계2동
2022120280,22.31,37.93,호계2동
2022120281,5.05,7.78,호계2동
2022120282,5.23,6.6,귀인동
2022120283,5.21,6.6,귀인동
2022120284,18.82,26.3,귀인동
2022120285,3.66,5.97,귀인동
2022120286,8.47,8.74,갈산동
2022120287,4.99,6.51,귀인동
2022120288,4.93,6.23,귀인동
2022120289,6.87,10.82,귀인동
2022120290,6.82,8.64,귀인동
2022120291,6.53,11.85,귀인동
2022120001,24,24.88,안양7동
2022120002,16.27,16.38,호계3동
2022120003,12.06,37.89,호계3동
2022120004,8.63,13.1,호계2동
2022120005,3.85,5.37,호계1동
2022120006,7.71,8.48,호계2동
2022120007,5.66,7.48,신촌동
2022120008,20.47,21.8,안양8동
2022120009,8.27,11.43,신촌동
2022120010,7.32,10.39,신촌동
2022120011,13.29,19.07,범계동
2022120012,9.57,11.78,안양6동
2022120013,9.92,11.7,안양8동
2022120014,16.38,23.93,신촌동
2022120015,8.29,9.24,안양6동
2022120016,7.1,8.3,호계2동
2022120017,19.52,25.06,안양6동
2022120018,14.58,18.83,안양6동
2022120019,11.98,16.79,평안동
2022120020,5.4,8.05,범계동
2022120021,30.37,30.7,부흥동
2022120022,6.77,7.25,호계2동
2022120023,27.49,27.9,범계동
2022120024,10.89,13.35,안양6동
2022120025,3.14,4.46,안양6동
2022120026,12.33,22.46,부림동
2022120027,13.86,20.31,부림동
2022120028,18.8,29.93,달안동
2022120029,18.77,30.02,달안동
2022120030,10.27,13.14,범계동
2022120031,12.62,18.24,부흥동
2022120032,12.22,17.97,달안동
2022120033,12.07,12.23,호계2동
2022120034,6.73,9.78,안양7동
2022120035,18.36,22.73,안양1동
2022120036,14.56,17.38,안양5동
2022120037,7.5,9.23,안양5동
2022120038,7.16,10.13,부림동
2022120039,6.69,6.72,안양7동
2022120040,9.82,10.88,안양4동
2022120041,10.29,10.88,안양4동
2022120042,2.51,7.8,관양2동
2022120043,6.21,45.38,관양2동
2022120044,8.68,13.4,관양2동
2022120045,6.59,9.8,부림동
2022120046,20.02,34.87,비산2동
2022120047,10.31,13.77,비산3동
2022120048,13.37,16.72,부흥동
2022120049,12.89,14.92,안양7동
2022120050,5.75,6.15,안양7동
2022120051,15.91,19.82,안양4동
2022120052,10.47,22.75,관양2동
2022120053,11.65,16.74,부림동
2022120054,8.57,8.97,비산1동
2022120055,11.9,18.97,안양1동
2022120056,19.64,24.11,안양4동
2022120057,32.58,38.54,관양1동
2022120058,9.04,22.02,관양1동
2022120059,10.57,23.33,비산3동
2022120060,7.07,7.29,비산1동
2022120061,13.82,19.04,안양2동
2022120062,11.21,12.48,안양2동
2022120063,8.01,9.49,박달2동
2022120064,8.95,10.27,박달2동
2022120065,13.22,43.65,관양2동
2022120066,9.06,10.24,안양2동
2022120067,13.48,18.57,박달2동
2022120068,7.83,8.6,박달2동
2022120069,5.35,6.03,관양1동
2022120070,7.44,9.29,관양1동
2022120071,5.19,5.29,관양1동
2022120072,10.07,22.15,비산3동
2022120073,6.66,7.65,안양2동
2022120074,7.29,9.9,안양2동
2022120075,8.74,9.05,박달2동
2022120076,10.75,14.71,석수2동
2022120077,6.55,6.75,석수3동
2022120078,6.76,7.23,박달2동
2022120079,7.94,33.48,박달2동
2022120080,6.19,6.69,박달2동
2022120081,6.79,13.59,석수1동
2022120082,10.15,10.3,석수1동
2022120083,11.19,15.99,석수2동
2022120084,4.89,7.28,석수1동
2022120085,4.81,6.29,석수1동
2022120086,2.87,7.61,석수1동
2022120087,15.75,19.28,석수1동
2022120088,7.69,8.33,석수2동
2022120089,18.12,18.76,석수1동
2022120090,7.73,17.6,석수1동
2022120091,3.44,6.94,호계3동
2022120092,2.79,5.14,호계3동
2022120093,7.83,9.02,호계3동
2022120094,5.08,5.7,호계3동
2022120095,3.39,6.14,호계3동
2022120096,4.33,5.09,호계3동
2022120097,3.73,4.02,호계3동
2022120098,7.84,9.52,호계3동
2022120099,1.14,2.08,호계3동
2022120100,2.49,8.81,호계3동
2022120101,3.81,4.27,호계3동
2022120102,2.74,6.03,호계3동
2022120103,12.1,12.13,호계3동
2022120104,9.78,10.01,호계3동
2022120105,1.46,9.41,호계3동
2022120106,5.19,7.4,호계3동
2022120107,3.14,5.96,호계3동
2022120108,4.82,7.15,호계3동
2022120109,16.2,25.71,호계1동
2022120110,15.45,16.03,호계3동
2022120111,3.93,6.37,호계3동
2022120112,6.28,8.92,호계3동
2022120113,3.52,6.96,호계3동
2022120114,3.31,6.94,호계3동
2022120115,19.87,36.34,호계3동
2022120665,14.71,19,부림동
2022120666,14.13,23.91,부림동
2022120667,12.64,18.32,부림동
2022120668,14.15,23.95,부림동
2022120669,11.78,17.45,부림동
2022120670,12.18,17.68,부림동
2022120671,13.17,17.77,부림동
2022120672,16.88,25.44,부림동
2022120673,13.51,18.04,부림동
2022120674,16.76,25.31,부림동
2022120675,6.62,10.52,부림동
2022120676,15.51,21.76,부림동
2022120677,12.11,16.87,부림동
2022120678,14.42,18.9,달안동
2022120679,19.46,31.28,부림동
2022120680,14.25,19.34,부림동
2022120681,19.78,30.8,달안동
2022120682,20.05,30.83,달안동
2022120683,14.82,19.35,달안동
2022120684,19.43,31.52,달안동
2022120685,13.88,19,부림동
2022120686,4.93,7.13,달안동
2022120687,6.45,9.77,부림동
2022120688,7.28,10.08,달안동
2022120689,5.95,8.25,달안동
2022120316,16.04,27.3,갈산동
2022120317,7.55,10.42,귀인동
2022120318,13.79,21.03,귀인동
2022120319,12.02,17.55,신촌동
2022120320,6.3,7.08,신촌동
2022120321,6.84,9.66,신촌동
2022120322,7.12,7.42,신촌동
2022120323,8.56,8.68,신촌동
2022120324,6.94,8.39,신촌동
2022120325,6.65,8.49,신촌동
2022120326,6.61,8.44,신촌동
2022120327,5.54,8.67,신촌동
2022120328,11.98,16.73,신촌동
2022120329,5.58,7.53,신촌동
2022120330,6.48,9.3,신촌동
2022120331,5.9,8.26,신촌동
2022120332,12.29,19.59,신촌동
2022120333,6.39,9.07,범계동
2022120334,8.83,8.91,신촌동
2022120335,5.92,8.35,신촌동
2022120336,6.25,8.45,신촌동
2022120337,15.61,26.98,범계동
2022120338,5.57,8.49,신촌동
2022120339,20.05,34.83,귀인동
2022120340,5.05,6.4,호계2동
2022120341,23.77,39.71,호계2동
2022120342,25.74,41.99,호계2동
2022120343,6.41,7.75,호계2동
2022120344,11.35,17.97,범계동
2022120345,8.11,17.73,호계2동
2022120346,8.73,13.58,호계2동
2022120347,16.65,25.99,범계동
2022120348,4.27,7.07,호계2동
2022120349,5.51,8.14,호계2동
2022120350,18.06,27,신촌동
2022120351,15.1,20.76,호계2동
2022120352,7.72,21.3,호계2동
2022120353,5.14,7.65,호계2동
2022120354,2.63,10.98,호계2동
2022120355,6.15,9.81,범계동
2022120356,7.15,10.89,범계동
2022120357,5.74,8.54,평안동
2022120358,15.12,25.15,평안동
2022120359,13.27,19.88,평안동
2022120360,15.88,26.09,평안동
2022120361,14.82,19.99,평안동
2022120362,5.66,9.88,평안동
2022120363,4.77,5.92,평안동
2022120364,4.7,6.4,평안동
2022120365,8.04,13.47,평안동
2022120366,15.13,21.28,평안동
2022120367,5.86,8.35,평안동
2022120368,8.03,12.29,귀인동
2022120369,4.77,6.15,귀인동
2022120370,15.17,20.91,귀인동
2022120371,5.49,5.5,귀인동
2022120372,6.61,8.65,평안동
2022120373,2.7,3.44,귀인동
2022120374,4.82,6.53,귀인동
2022120375,5.14,6.76,귀인동
2022120376,2.49,5.05,귀인동
2022120377,5.54,9.55,평안동
2022120378,13.94,24,귀인동
2022120379,17.12,25.72,귀인동
2022120380,14.27,24.12,평안동
2022120381,15.12,24.77,평안동
2022120382,8.22,8.64,귀인동
2022120383,18.42,30.12,평안동
2022120384,5.56,7.64,범계동
2022120385,11.98,17.26,범계동
2022120386,13.9,18.51,평안동
2022120387,5.95,8.47,범계동
2022120388,6.63,10.05,평안동
2022120389,19.29,30.99,평안동
2022120390,12.61,18.31,평안동
2022120391,19.06,31.44,평안동
2022120392,14.89,19.27,범계동
2022120393,15.78,23.95,평안동
2022120394,7.68,12.45,범계동
2022120395,5.22,5.53,범계동
2022120396,11.69,14.09,범계동
2022120397,10.73,14.9,범계동
2022120398,12.73,18.26,범계동
2022120399,11.9,17.27,범계동
2022120400,12.01,13.95,범계동
2022120401,8.58,9.73,범계동
2022120402,5.36,9.19,범계동
2022120403,7.32,9.7,범계동
2022120404,6.21,9.97,범계동
2022120405,7.42,9.71,범계동
2022120406,3.51,4.49,범계동
2022120407,7.3,10.55,범계동
2022120408,7.37,7.83,범계동
2022120409,7.64,11.12,범계동
2022120410,14.2,14.9,범계동
2022120411,6.42,7.13,범계동
2022120412,13.83,17.8,범계동
2022120413,6.82,10.61,범계동
2022120414,4.35,6.18,호계2동
2022120415,6.09,11.66,범계동
2022120416,5.81,6.68,범계동
2022120417,14.16,15.13,범계동
2022120418,12.51,18.33,범계동
2022120419,12.55,18.15,범계동
2022120420,12.23,17.34,범계동
2022120421,13.31,18.25,범계동
2022120422,6.97,10.93,평안동
2022120423,3.87,4.56,평안동
2022120424,8.16,11.18,평안동
2022120425,3.79,14.82,평안동
2022120426,4.31,11.45,관양2동
2022120427,12.98,18.98,평안동
2022120428,14.61,19.39,평안동
2022120429,14.14,18.11,평안동
2022120430,6.79,13.49,관양2동
2022120431,7.77,13.58,관양2동
2022120432,14.4,19.11,평안동
2022120433,11.84,16.77,평안동
2022120434,7.33,11.01,평안동
2022120435,8.46,14.07,평안동
2022120436,5.23,10.71,관양2동
2022120437,7.15,12.75,관양2동
2022120438,8.24,16.35,관양2동
2022120439,7.94,13.92,관양2동
2022120440,7.32,12.25,관양2동
2022120441,4.37,14.78,관양2동
2022120442,7.67,12.75,관양2동
2022120443,12.45,17.08,평안동
2022120444,7.7,10.28,부림동
2022120445,7.76,10.02,부림동
2022120446,6.76,10.8,부림동
2022120447,6.04,9.05,부림동
2022120448,5.81,8.66,부림동
2022120449,10.61,10.95,부림동
2022120450,5.98,8.78,부림동
2022120451,6.5,10.58,부림동
2022120452,8.84,10.53,부림동
2022120453,8.7,14.72,부림동
2022120454,4.59,5.66,부림동
2022120455,4.81,5.97,부림동
2022120456,5.99,8.38,부림동
2022120457,13.53,17.34,부림동
2022120458,6.47,9.92,부림동
2022120459,6.64,7.91,부림동
2022120460,13.3,18.63,평안동
2022120461,6.33,12.07,평안동
2022120462,8.52,12.71,부림동
2022120463,8.26,13.55,평안동
2022120464,14.91,24.21,부림동
2022120465,12.71,18.7,부림동
2022120466,16.37,25.66,평안동
2022120467,8.44,11.07,부림동
2022120468,4.87,6.23,부림동
2022120469,8.16,14.76,부림동
2022120470,6.64,10.19,부림동
2022120471,7.96,12.54,부림동
2022120472,6.64,8.2,범계동
2022120473,7.72,10.5,부림동
2022120474,5.76,8.37,부림동
2022120475,10.7,13.46,부림동
2022120476,11.01,11.13,부림동
2022120477,5.51,6.31,부림동
2022120478,19.19,30.05,부림동
2022120479,5.08,6.05,부림동
2022120480,5.31,6.02,부림동
2022120481,19.56,30.47,범계동
2022120482,4.37,4.74,범계동
2022120483,6.99,10.74,범계동
2022120484,20.61,34.58,범계동
2022120485,13.47,19.47,부림동
2022120486,19.75,31.69,평안동
2022120487,11.47,15.27,범계동
2022120488,6.37,10.18,부림동
2022120489,7.68,12.29,부림동
2022120490,19.71,35.76,부림동
2022120491,14.28,26.58,부림동
2022120492,11.84,17.44,부림동
2022120493,20.8,33.89,부림동
2022120494,17.38,27.96,부림동
2022120495,19.92,31.07,부림동
2022120496,16.66,25.14,부림동
2022120497,7.67,12.42,부림동
2022120498,7.23,10.04,부림동
2022120499,6.48,9.61,부림동
2022120500,7.21,11.6,달안동
2022120501,3.58,6.07,달안동
2022120502,15.12,15.87,달안동
2022120503,13.31,19.36,달안동
2022120504,5.42,8.71,달안동
2022120505,5.92,8.99,달안동
2022120506,5.31,8.64,달안동
2022120507,3.15,3.76,달안동
2022120508,3.84,5.43,달안동
2022120509,6.52,8.35,부흥동
2022120510,7.78,10.42,부흥동
2022120511,7.19,9.61,달안동
2022120512,7.16,9.55,달안동
2022120513,7.08,10.09,달안동
2022120514,4.99,9.21,달안동
2022120515,7.08,10.14,범계동
2022120516,7.62,10.3,범계동
2022120517,5.58,6.15,범계동
2022120518,6.87,9.45,범계동
2022120519,6.54,8.29,범계동
2022120520,6.25,7.85,범계동
2022120521,6.52,8.63,범계동
2022120522,12.41,17.64,달안동
2022120523,12.57,18.52,달안동
2022120524,17.41,30.57,달안동
2022120525,19.38,31.39,달안동
2022120526,14.51,19.03,부림동
2022120527,20.58,31.28,범계동
2022120528,17.51,25.93,범계동
2022120529,20.58,31.96,달안동
2022120530,13.32,20.26,달안동
2022120531,7.29,9.64,범계동
2022120532,8.02,11.89,달안동
2022120533,4.88,9.59,관양2동
2022120534,2.06,5.02,관양2동
2022120535,2.19,8.02,관양2동
2022120536,8.18,8.69,관양2동
2022120537,3.95,4.36,관양2동
2022120538,3.9,10.73,관양2동
2022120539,4.58,8.31,관양2동
2022120540,10.5,30.4,관양2동
2022120541,8.63,11.01,관양2동
2022120542,9.31,14.99,관양2동
2022120543,6.4,9.22,관양2동
2022120544,7.44,7.83,관양2동
2022120545,1.78,7.06,평촌동
2022120546,3.65,8.53,관양2동
2022120547,3.57,7.01,관양2동
2022120548,4.56,8.4,관양2동
2022120549,4.47,9.3,관양2동
2022120550,1.92,6.8,관양2동
2022120551,7.31,10.16,관양2동
2022120552,5.11,9.84,관양2동
2022120553,7.23,14.76,관양2동
2022120554,7.46,12.51,관양2동
2022120555,5.06,5.41,관양2동
2022120556,4.93,13.89,관양2동
2022120557,4.14,9.89,관양2동
2022120558,4.3,9.77,관양2동
2022120559,4.57,12.44,관양2동
2022120560,4.51,4.99,관양2동
2022120561,5.15,6.49,관양2동
2022120562,2.43,7.74,관양2동
2022120563,3.85,7.74,관양2동
2022120564,4.92,9.39,관양2동
2022120565,5.04,19.75,평안동
2022120566,7.31,10.27,관양2동
2022120567,6.19,7.05,관양2동
2022120568,4.13,6.2,관양2동
2022120569,4.45,7.5,관양2동
2022120570,5.95,8.37,관양2동
2022120571,4.1,6.24,관양2동
2022120572,7.65,14.78,관양2동
2022120573,9.94,31.73,관양2동
2022120574,9.5,30.91,평안동
2022120575,8.03,13.86,관양2동
2022120576,10.88,17.06,관양2동
2022120577,7.17,11.31,관양2동
2022120578,9.81,13.08,관양2동
2022120579,10.86,13.83,관양2동
2022120580,7.65,16.36,관양2동
2022120581,8.33,13.7,관양2동
2022120582,4.53,12.52,관양2동
2022120583,6.44,13.26,관양2동
2022120584,11.72,13.15,관양2동
2022120585,9.33,29.18,관양2동
2022120586,6.83,16.94,관양2동
2022120587,8.89,34.55,관양2동
2022120588,3.83,8.88,평안동
2022120589,6.25,10.85,관양2동
2022120590,7.54,14.41,관양2동
2022120591,9.11,11.22,관양2동
2022120592,9.34,11.48,관양2동
2022120593,9.34,11.58,관양2동
2022120594,8.74,17.96,관양2동
2022120595,10.5,11.5,관양2동
2022120596,11.15,16.68,관양2동
2022120597,9.29,11.17,관양2동
2022120598,10.57,14.34,관양2동
2022120599,10.53,14.3,관양2동
2022120600,9.46,11.49,관양2동
2022120601,10.6,13.94,관양2동
2022120602,12.07,16.6,관양2동
2022120603,10.32,13.79,관양2동
2022120604,11.38,15.79,관양2동
2022120605,5.52,8.95,부림동
2022120606,4.58,7.08,부림동
2022120607,6.71,8.66,부림동
2022120608,5.41,9.6,관양2동
2022120609,2.91,3.61,관양2동
2022120610,4.11,6.35,관양2동
2022120611,5.01,5.88,부림동
2022120612,6.37,7.82,부림동
2022120613,6.66,8.77,부림동
2022120614,3.13,3.98,부림동
2022120615,7.18,9.44,부림동
2022120616,8.72,11.46,부림동
2022120617,26.28,26.45,부림동
2022120618,2.21,3.53,부림동
2022120619,4.55,7.07,부림동
2022120620,22.54,29.03,관양2동
2022120621,5.15,6.57,관양2동
2022120622,10.1,13.78,관양2동
2022120623,10.35,14.06,관양2동
2022120624,10.61,14.28,관양2동
2022120625,3.48,4.61,관양2동
2022120626,13.44,18.95,부림동
2022120627,15.71,19.53,관양2동
2022120628,14.79,19.41,관양2동
2022120629,5.84,8.73,부림동
2022120630,12.28,17.79,부림동
2022120631,8.53,13,부림동
2022120632,9.55,11.92,부림동
2022120633,4.46,5.43,부림동
2022120634,7.71,10.36,부림동
2022120635,4.17,6.29,부림동
2022120636,9.63,18.68,평안동
2022120637,6.89,8.64,평안동
2022120638,16.95,29.61,관양2동
2022120639,10.66,24.43,관양2동
2022120640,18.07,28.88,부림동
2022120641,5.85,7.95,부림동
2022120642,11.82,16.81,부림동
2022120643,6.3,7.11,부림동
2022120644,12.81,17.26,부림동
2022120645,12.85,18.14,부림동
2022120646,15.36,19.56,부림동
2022120647,14.45,19.23,관양2동
2022120648,11.13,15.17,부림동
2022120649,14.83,21.12,관양2동
2022120650,10.89,14.88,관양2동
2022120651,3.23,10.23,평안동
2022120652,7.72,10.49,부림동
2022120653,4.72,7.37,관양2동
2022120654,6.27,9.64,관양2동
2022120655,5.06,8,관양2동
2022120656,9.21,11.27,관양2동
2022120657,10.01,13.43,관양2동
2022120658,12.41,15.19,부림동
2022120659,6.38,7.48,부림동
2022120660,5.53,7.4,부림동
2022120661,6.93,10.86,부림동
2022120662,6.45,9.77,부림동
2022120663,4.85,6.45,부림동
2022120664,14.35,20.78,부림동
2022121040,6.34,7.69,안양9동
2022121041,6.47,6.95,안양9동
2022121042,5.86,8.07,안양9동
2022121043,4.68,8.13,안양9동
2022121044,11.63,11.84,부흥동
2022121045,14.9,14.9,부흥동
2022121046,8.94,9.17,부흥동
2022121047,14.25,14.3,부흥동
2022121048,6.6,6.6,부흥동
2022121049,6.01,8.01,부흥동
2022121050,14.86,15.18,부흥동
2022121051,6.5,6.53,부흥동
2022121052,17.6,17.64,부흥동
2022121053,10.51,10.67,부흥동
2022121054,5.13,5.21,부흥동
2022121055,15.62,15.73,부흥동
2022121056,8.24,8.27,부흥동
2022121057,6.24,6.44,부흥동
2022121058,9.68,9.87,부흥동
2022121059,10.76,11.29,부흥동
2022121060,8.18,8.42,부흥동
2022121061,16.43,16.48,부흥동
2022121062,9.78,9.81,부흥동
2022121063,6.46,9.42,달안동
2022121064,14.4,17.59,달안동
2022120690,11.98,16.82,달안동
2022120691,8.34,14.1,부림동
2022120692,6.33,10.8,부림동
2022120693,18.97,29.16,부림동
2022120694,5.88,7.43,호계1동
2022120695,7.35,7.95,호계1동
2022120696,5.05,7.9,호계1동
2022120697,8.02,8.42,호계1동
2022120698,16.05,34.03,호계1동
2022120699,16.65,27.33,호계1동
2022120700,7.97,10.7,호계1동
2022120701,6.87,15.69,안양8동
2022120702,14.22,16,호계1동
2022120703,8.52,9.13,호계1동
2022120704,3.13,3.96,호계1동
2022120705,3.86,5.24,호계1동
2022120706,5.65,11.78,호계1동
2022120707,10.03,12.63,호계1동
2022120708,8.67,11.5,호계1동
2022120709,9.72,10.62,호계1동
2022120710,15.04,15.63,호계1동
2022120711,9.41,11.46,호계1동
2022120712,17.7,23.23,안양8동
2022120713,8.31,10.02,호계1동
2022120714,19.5,21,호계1동
2022120715,7.42,9.1,호계1동
2022120716,6.3,6.44,호계1동
2022120717,6.79,7.22,호계1동
2022120718,6.76,6.89,호계1동
2022120719,9.56,12.13,호계1동
2022120720,6.71,7.72,호계1동
2022120721,8.89,10.19,호계1동
2022120722,9.54,11.77,호계1동
2022120723,6.58,7.04,호계1동
2022120724,8.05,8.47,호계1동
2022120725,8.74,9.43,호계1동
2022120726,6.71,6.98,호계1동
2022120727,6.29,6.39,호계1동
2022120728,0.62,1.27,안양8동
2022120729,12.09,13.06,호계1동
2022120730,11.06,12.18,안양8동
2022120731,7.14,7.63,호계1동
2022120732,7.15,7.86,호계1동
2022120733,20.87,24,호계1동
2022120734,17.76,19.06,호계1동
2022120735,19.15,21.44,호계1동
2022120736,5.46,6.21,안양9동
2022120737,2.75,10.54,호계2동
2022120738,2.65,4.29,호계2동
2022120739,4.01,5.79,호계2동
2022120740,8.96,9.29,안양8동
2022120741,5.2,5.22,호계2동
2022120742,8.35,9.07,호계1동
2022120743,9.39,9.89,호계1동
2022120744,15.43,16.53,안양8동
2022120745,4.9,6.72,안양8동
2022120746,22.72,23.02,안양8동
2022120747,12.03,19.38,안양8동
2022120748,9.63,10.32,안양8동
2022120749,9.03,12.65,안양8동
2022120750,8.29,10.01,안양8동
2022120751,10.13,11.03,안양8동
2022120752,3.77,5.64,호계2동
2022120753,17.79,18.04,안양8동
2022120754,6.18,7.48,안양8동
2022120755,4.67,6.89,안양8동
2022120756,4.61,6.31,안양8동
2022120757,5.06,5.87,안양8동
2022120758,8.31,8.73,안양8동
2022120759,5.62,5.73,안양8동
2022120760,6.37,6.56,안양8동
2022120761,8.27,9.35,안양7동
2022120762,3.98,4.07,안양8동
2022120763,19.71,21.66,안양8동
2022120764,11.21,12.6,안양8동
2022120765,3.75,6.5,안양7동
2022120766,4.72,5.33,안양8동
2022120767,4.88,5.03,안양8동
2022120768,6.07,6.3,안양8동
2022120769,4.36,4.38,안양8동
2022120770,5.04,5.07,안양8동
2022120771,5.27,6.72,안양8동
2022120772,6.14,8.89,안양8동
2022120773,6.12,7.09,안양9동
2022120774,6.26,7.03,안양9동
2022120775,4.44,5,안양9동
2022120776,14.33,19.06,호계2동
2022120777,8.79,10.72,호계2동
2022120778,14.67,17.81,호계2동
2022120779,8.47,9.55,호계2동
2022120780,3.93,6,호계2동
2022120781,4.52,7.05,호계2동
2022120782,4.68,6.57,호계2동
2022120783,2.95,9.4,호계2동
2022120784,8.44,10.93,호계2동
2022120785,7.24,9.14,호계2동
2022120786,15.77,20.25,호계2동
2022120787,11.23,12.82,호계2동
2022120788,4.49,5.1,호계2동
2022120789,5.65,7.8,호계2동
2022120790,5.01,5.48,호계2동
2022120791,9.01,9.03,호계2동
2022120792,14.17,19.71,호계2동
2022120793,10.54,13.61,호계2동
2022120794,5.5,7,호계2동
2022120795,11.97,16.86,호계2동
2022120796,14.62,18.96,호계2동
2022120797,7.9,8.54,안양7동
2022120798,7.11,8.72,안양8동
2022120799,5.02,5.79,안양8동
2022120800,19.77,22.75,안양8동
2022120801,11.14,23.63,안양7동
2022120802,10.88,23.22,안양7동
2022120803,10.66,17.58,안양6동
2022120804,18.68,23.54,안양7동
2022120805,3.13,6.21,안양7동
2022120806,10.67,24.38,안양7동
2022120807,5.17,5.69,안양8동
2022120808,14.19,16.52,안양7동
2022120809,3.1,8.69,안양7동
2022120810,4.5,17.19,안양6동
2022120811,3,5.25,안양6동
2022120812,10.18,10.35,안양8동
2022120813,4.67,5.79,안양8동
2022120814,8.62,9.37,안양8동
2022120815,4.78,6.51,안양8동
2022120816,2.79,5.12,안양6동
2022120817,6.42,6.96,안양6동
2022120818,6.56,8.17,안양8동
2022120819,17.15,21.41,안양8동
2022120820,9.57,10.01,안양8동
2022120821,4.99,6.51,안양8동
2022120822,7.72,9.28,안양8동
2022120823,7.62,8.66,안양6동
2022120824,5.56,6.88,안양6동
2022120825,24.78,25.94,안양8동
2022120826,4.35,5.99,안양6동
2022120827,5.04,5.87,안양8동
2022120828,5.52,7.42,안양6동
2022120829,9.01,10.88,안양8동
2022120830,5.94,7.35,안양6동
2022120831,6.71,7.55,안양6동
2022120832,2.33,4.21,안양6동
2022120833,8.95,10.5,안양8동
2022120834,7.33,9.76,안양8동
2022120835,5.29,6.36,안양8동
2022120836,4.05,4.55,안양8동
2022120837,16.2,27.17,안양8동
2022120838,9.1,10.84,안양8동
2022120839,20.37,23.34,안양8동
2022120840,8.55,8.6,안양8동
2022120841,3.56,4.63,안양8동
2022120842,8.68,9.81,안양8동
2022120843,6.16,9.23,안양8동
2022120844,7.87,9.94,안양8동
2022120845,6.59,7.34,안양8동
2022120846,3.15,4.48,안양8동
2022120847,4.13,4.35,안양6동
2022120848,5.64,6.49,안양8동
2022120849,3.97,5.26,안양6동
2022120850,4.24,5.28,안양8동
2022120851,3.92,4.52,안양8동
2022120852,8.57,9.99,안양8동
2022120853,7.43,8.61,안양8동
2022120854,4.71,5.75,안양8동
2022120855,8.66,8.81,안양8동
2022120856,6.83,7.93,안양8동
2022120857,7.17,7.59,안양8동
2022120858,4.93,5.64,안양6동
2022120859,8.9,11.09,안양6동
2022120860,8.52,9.73,안양8동
2022120861,6.82,7.49,안양8동
2022120862,5.31,7.04,안양6동
2022120863,2.48,10.46,안양6동
2022120864,4.46,7.89,안양6동
2022120865,4.95,4.97,안양9동
2022120866,6.61,7.03,안양9동
2022120867,1.64,8.45,안양9동
2022120868,5.97,6.14,안양9동
2022120869,8.52,9.65,안양9동
2022120870,2.69,9.01,안양9동
2022120871,8.27,9.6,안양9동
2022120872,7.47,8.17,안양9동
2022120873,5.98,7.66,안양9동
2022120874,5.85,12.56,안양9동
2022120875,7.3,9.7,범계동
2022120876,6.43,8.1,범계동
2022120877,21.97,22.25,범계동
2022120878,32.65,35.55,범계동
2022120879,4.06,4.99,부흥동
2022120880,33.94,34.46,부흥동
2022120881,4.73,5.4,호계2동
2022120882,4.85,4.86,호계2동
2022120883,4.84,7.36,호계2동
2022120884,19.94,20.15,호계2동
2022120885,5.63,5.73,호계2동
2022120886,6.97,8.15,호계2동
2022120887,5.56,5.66,호계2동
2022120888,17.83,18.01,호계2동
2022120889,7.9,8.02,호계2동
2022120890,19.76,19.86,호계2동
2022120891,6.19,6.56,호계2동
2022120892,5.02,6.52,호계2동
2022120893,6.42,6.5,호계2동
2022120894,18.8,19.01,호계2동
2022120895,6.65,6.66,호계2동
2022120896,5.48,6.29,호계2동
2022120897,16.73,16.87,범계동
2022120898,4.38,4.38,범계동
2022120899,9.36,9.47,호계2동
2022120900,7.35,7.39,호계2동
2022120901,4.86,9.36,호계2동
2022120902,5.99,6.14,호계2동
2022120903,16.19,17.43,호계2동
2022120904,19.18,19.84,호계2동
2022120905,12.78,14.69,호계2동
2022120906,4.45,6.4,호계2동
2022120907,5.59,9.13,호계2동
2022120908,5.81,10.14,호계2동
2022120909,5.46,8.31,호계2동
2022120910,9.36,15.26,호계2동
2022120911,7.13,7.27,호계2동
2022120912,5.84,6.04,호계2동
2022120913,10.92,12.07,호계2동
2022120914,5.49,6.59,호계2동
2022120915,3.25,5.41,안양7동
2022120916,5.46,7.16,안양7동
2022120917,5.61,6.48,안양7동
2022120918,3.22,5.38,안양7동
2022120919,7.73,9.48,안양7동
2022120920,5.57,7.16,안양7동
2022120921,7.21,7.29,안양7동
2022120922,3.37,8.96,호계2동
2022120923,20.86,20.91,호계2동
2022120924,6.35,11.95,안양7동
2022120925,4.68,7.3,안양7동
2022120926,7.85,17.87,안양7동
2022120927,7.87,17.8,안양7동
2022120928,7.48,16.75,안양7동
2022120929,5.88,13.35,안양7동
2022120930,7.97,8.09,안양7동
2022120931,6.78,11.08,안양7동
2022120932,8.44,9.08,안양7동
2022120933,2.04,7.69,안양7동
2022120934,7.4,16.6,안양7동
2022120935,3.98,6.99,안양7동
2022120936,3.86,6.98,안양7동
2022120937,4,6.95,안양7동
2022120938,3.92,6.98,안양7동
2022120939,5.44,7.22,안양7동
2022120940,8.14,9.34,안양7동
2022120941,5.25,6.99,안양7동
2022120942,5.57,6.74,안양7동
2022120943,5.32,7.72,안양7동
2022120944,3.69,5.43,안양7동
2022120945,6.52,7.04,안양6동
2022120946,3.27,3.72,안양6동
2022120947,9.05,10.92,안양6동
2022120948,4,5.44,안양6동
2022120949,3.69,5.26,안양7동
2022120950,4.27,6.32,안양6동
2022120951,3.38,6.26,안양6동
2022120952,7.69,8.67,안양6동
2022120953,7.98,8.7,안양7동
2022120954,3.21,3.26,안양6동
2022120955,6.18,6.6,안양6동
2022120956,7.43,18.98,안양6동
2022120957,9.24,12.95,안양6동
2022120958,11.58,13.15,안양6동
2022120959,6.41,7.4,안양6동
2022120960,7,9.48,안양6동
2022120961,10.99,12.78,안양6동
2022120962,4.52,4.71,안양6동
2022120963,13.5,16.71,안양6동
2022120964,17.11,21.7,안양8동
2022120965,9.54,9.76,안양6동
2022120966,5.31,6.22,안양8동
2022120967,7.91,9.08,안양6동
2022120968,5.22,6.37,안양6동
2022120969,8.04,9.28,안양6동
2022120970,17.91,22.43,안양6동
2022120971,9.69,10.18,안양6동
2022120972,17.5,21.84,안양6동
2022120973,18.6,22.87,안양6동
2022120974,9.9,15.62,안양6동
2022120975,5.28,13.11,안양6동
2022120976,5.34,7.13,안양6동
2022120977,3.85,4.84,안양6동
2022120978,3.05,3.61,안양6동
2022120979,5.03,6.25,안양6동
2022120980,4.99,6.09,안양6동
2022120981,4.23,5.02,안양6동
2022120982,5.1,5.74,안양6동
2022120983,9.35,13.97,안양6동
2022120984,5.9,8.5,안양6동
2022120985,9.34,11.01,안양6동
2022120986,5.51,9.64,안양6동
2022120987,5.03,9.56,안양6동
2022120988,9.95,18.3,안양6동
2022120989,8.26,9.64,안양6동
2022120990,8.8,10.17,안양6동
2022120991,8.09,10.58,안양6동
2022120992,5.39,5.89,안양6동
2022120993,6.32,9.07,안양6동
2022120994,5.18,7.46,안양6동
2022120995,5.25,7.7,안양6동
2022120996,8.02,12.99,안양6동
2022120997,10.24,12.42,안양6동
2022120998,9.02,10.88,안양6동
2022120999,9.19,13.09,안양6동
2022121000,8.9,12.35,안양6동
2022121001,8.56,13.15,안양6동
2022121002,9.16,13.2,안양6동
2022121003,8.55,10.27,안양6동
2022121004,4.42,6.65,안양6동
2022121005,5.52,9.56,안양6동
2022121006,6.43,10.84,안양6동
2022121007,5.88,6.15,안양6동
2022121008,4.3,8.18,안양6동
2022121009,4.97,5.05,안양6동
2022121010,7.3,8.88,안양6동
2022121011,6.82,10.85,안양6동
2022121012,8.1,8.53,안양6동
2022121013,6.73,14.66,안양6동
2022121014,12.56,13.82,안양6동
2022121015,5.75,6.29,안양6동
2022121016,6.44,6.54,안양6동
2022121017,4.56,6.22,안양9동
2022121018,4.26,6.1,안양9동
2022121019,5.12,11.12,안양9동
2022121020,1.99,5.89,안양9동
2022121021,5.87,11.93,안양9동
2022121022,8.87,9.06,안양9동
2022121023,11.35,13.06,안양9동
2022121024,6.82,6.96,안양9동
2022121025,2.34,6.99,안양9동
2022121026,5.61,7.32,안양9동
2022121027,8.33,9.7,안양9동
2022121028,6.8,6.93,안양9동
2022121029,6.9,7.28,안양9동
2022121030,3.28,3.71,안양9동
2022121031,8.57,9.55,안양9동
2022121032,7.98,8.09,안양9동
2022121033,3.76,7.81,안양9동
2022121034,5.98,7.87,안양9동
2022121035,6.55,8.63,안양9동
2022121036,2.67,5.01,안양9동
2022121037,6.55,7.69,안양9동
2022121038,4.04,9.56,안양9동
2022121039,7.6,8.63,안양9동
2022121415,7.6,8.79,안양7동
2022121416,5.61,6.9,안양7동
2022121417,2.96,3.18,안양1동
2022121418,15.08,16.47,안양1동
2022121419,4.79,5.04,안양1동
2022121420,7.08,7.69,안양1동
2022121421,3.52,4.09,안양1동
2022121422,4.92,5.08,안양7동
2022121423,13.89,14.06,안양1동
2022121424,14.57,15.13,안양1동
2022121425,3.78,4.03,안양7동
2022121426,8.26,9.55,안양7동
2022121427,6.96,7.03,안양7동
2022121428,8.12,8.43,안양7동
2022121429,8.22,8.27,안양7동
2022121430,8.76,8.83,안양7동
2022121431,4.35,4.38,안양7동
2022121432,10.42,11.71,안양4동
2022121433,5.36,6.35,안양4동
2022121434,9.99,11.1,안양4동
2022121435,19.29,23.32,안양1동
2022121436,20.1,26.26,안양4동
2022121437,7.83,10.16,안양5동
2022121438,15.79,16.2,안양1동
2022121439,12.19,13.99,안양1동
2022121065,4.5,5.59,부흥동
2022121066,11.06,14.38,부흥동
2022121067,12.5,12.51,부흥동
2022121068,15.04,15.64,부흥동
2022121069,13.58,13.99,부흥동
2022121070,6.14,6.9,부흥동
2022121071,16.82,17,부흥동
2022121072,13.56,14.1,부흥동
2022121073,7.06,7.19,비산2동
2022121074,7.85,8,호계2동
2022121075,5.96,6.19,비산2동
2022121076,6.39,6.41,비산2동
2022121077,5.6,9.35,호계2동
2022121078,5.68,9.29,비산2동
2022121079,6.35,7.76,안양7동
2022121080,8.33,8.35,비산2동
2022121081,9.49,10.98,비산2동
2022121082,12.79,12.91,비산2동
2022121083,6.46,6.5,비산2동
2022121084,5.63,10.81,비산2동
2022121085,5.46,7.54,안양7동
2022121086,4.41,9.22,호계2동
2022121087,4.22,8.32,호계2동
2022121088,6.42,9.55,호계2동
2022121089,7.66,7.73,비산2동
2022121090,32.36,32.89,호계2동
2022121091,20.4,20.62,부흥동
2022121092,7.12,11.15,안양7동
2022121093,9.65,16.48,안양7동
2022121094,6.89,6.95,호계2동
2022121095,7.58,7.63,호계2동
2022121096,5.69,8.82,안양7동
2022121097,9.24,13.59,안양7동
2022121098,11.27,12.74,비산2동
2022121099,5.41,9.12,안양7동
2022121100,5.2,6.68,안양7동
2022121101,5.72,10.18,안양7동
2022121102,11.85,12.43,안양7동
2022121103,3.27,9.38,안양7동
2022121104,5.06,8.13,안양7동
2022121105,10.47,10.5,비산2동
2022121106,12.13,12.74,비산2동
2022121107,13.02,16.2,안양7동
2022121108,11.2,16.43,안양7동
2022121109,16.82,19.11,안양7동
2022121110,13.01,16.37,안양7동
2022121111,12.59,15.69,안양7동
2022121112,16.32,16.59,안양7동
2022121113,7.55,11.38,안양7동
2022121114,7.51,8.24,안양7동
2022121115,11.88,16.51,안양7동
2022121116,12.2,12.25,안양7동
2022121117,13.47,14.98,안양7동
2022121118,9.74,10.13,안양7동
2022121119,6.09,9.42,안양7동
2022121120,7.05,7.15,안양7동
2022121121,4.29,7.33,안양7동
2022121122,3.4,11.44,안양7동
2022121123,4.95,7.22,안양7동
2022121124,5.42,9.06,안양7동
2022121125,5.42,8.43,안양7동
2022121126,5.82,9.42,안양7동
2022121127,8.64,12.3,안양7동
2022121128,13,13.96,안양7동
2022121129,9.17,13.52,안양7동
2022121130,4.33,10.28,안양7동
2022121131,5.1,5.6,안양6동
2022121132,5.4,6.25,안양6동
2022121133,4.68,5.71,안양6동
2022121134,4.89,6.33,안양6동
2022121135,6.13,6.89,안양6동
2022121136,4.27,6.31,안양6동
2022121137,5.33,8.72,안양7동
2022121138,5.91,6.21,안양7동
2022121139,4.07,11.57,안양7동
2022121140,7.19,10.26,안양7동
2022121141,3.34,6.08,안양7동
2022121142,11.25,19.58,안양7동
2022121143,7.55,7.65,안양7동
2022121144,4.78,4.97,안양7동
2022121145,5.45,13,안양7동
2022121146,10.95,12.34,안양6동
2022121147,11.81,13.16,안양6동
2022121148,6.5,8.95,안양6동
2022121149,12.08,15.05,안양6동
2022121150,5.57,6.36,안양6동
2022121151,13.96,15.77,안양6동
2022121152,9.54,12.08,안양6동
2022121153,9.6,11.46,안양6동
2022121154,12.46,16.17,안양7동
2022121155,6.87,7.98,안양7동
2022121156,3.87,4.38,안양6동
2022121157,3.48,3.96,안양5동
2022121158,3.33,3.67,안양5동
2022121159,4.42,5.76,안양6동
2022121160,8.58,10,안양6동
2022121161,8.45,10.02,안양6동
2022121162,4.81,5.82,안양6동
2022121163,5.74,6.49,안양6동
2022121164,4.37,5.5,안양6동
2022121165,8.11,9.33,안양6동
2022121166,18.06,22.7,안양1동
2022121167,7.94,8.02,안양7동
2022121168,6.4,6.87,안양1동
2022121169,3.89,4.83,안양5동
2022121170,5.24,6.25,안양6동
2022121171,3.96,4.42,안양5동
2022121172,8.64,10.74,안양6동
2022121173,10.11,10.28,안양6동
2022121174,4.35,5.65,안양6동
2022121175,10.48,11.99,안양6동
2022121176,4.67,5.95,안양6동
2022121177,6.45,7.08,안양5동
2022121178,3.31,3.63,안양5동
2022121179,6.99,8.13,안양5동
2022121180,12.43,13.43,안양5동
2022121181,17.32,22.11,안양6동
2022121182,18.31,22.89,안양5동
2022121183,19.21,24.4,안양6동
2022121184,8.71,10.03,안양6동
2022121185,10.36,11.14,안양5동
2022121186,11.48,13.53,안양6동
2022121187,2.9,3.61,안양6동
2022121188,9.7,10.35,안양6동
2022121189,7.04,7.81,안양6동
2022121190,6.65,9,안양6동
2022121191,5.48,6.82,안양6동
2022121192,5.78,6.56,안양6동
2022121193,7.15,8.86,안양6동
2022121194,4.33,5.2,안양6동
2022121195,4.49,5.7,안양5동
2022121196,9.69,9.98,안양5동
2022121197,8.8,8.86,안양5동
2022121198,9.71,10.85,안양5동
2022121199,9.35,10.37,안양5동
2022121200,6.78,8.2,안양5동
2022121201,6.65,7.63,안양5동
2022121202,10.31,10.97,안양5동
2022121203,5.26,5.9,안양6동
2022121204,4.33,5.44,안양5동
2022121205,9.32,10.87,안양5동
2022121206,5.86,6.91,안양5동
2022121207,10.08,10.76,안양5동
2022121208,8.23,10.16,안양5동
2022121209,4.46,5.43,안양5동
2022121210,9.25,9.52,안양5동
2022121211,10.84,11.74,안양5동
2022121212,8.84,8.99,안양5동
2022121213,7.81,9.41,안양5동
2022121214,6.35,7.53,안양5동
2022121215,12.02,12.22,안양5동
2022121216,8.41,11.35,안양5동
2022121217,9.32,9.53,안양5동
2022121218,7.12,8.17,안양4동
2022121219,9.01,10.14,안양4동
2022121220,6.92,7.9,안양3동
2022121221,5.17,6.82,안양4동
2022121222,8.38,9.98,안양5동
2022121223,7.58,9.94,안양5동
2022121224,3.78,5.37,안양4동
2022121225,3.57,5.47,안양4동
2022121226,5.24,5.67,안양4동
2022121227,8.42,8.42,안양9동
2022121228,3.29,5.38,안양4동
2022121229,7.02,8.09,안양4동
2022121230,9.48,10.21,안양5동
2022121231,4.54,6.35,안양9동
2022121232,8.49,11.29,안양3동
2022121233,11.22,14.43,안양3동
2022121234,1.75,3.46,안양3동
2022121235,5.58,7.08,안양9동
2022121236,12.04,12.57,안양9동
2022121237,2.31,2.61,안양9동
2022121238,3.73,4.14,안양9동
2022121239,8.13,10.04,안양9동
2022121240,10.71,13.11,안양9동
2022121241,10.1,12.08,안양9동
2022121242,4.91,6.5,안양9동
2022121243,6.4,7.12,안양9동
2022121244,6.51,9.39,안양9동
2022121245,5.09,6.84,안양9동
2022121246,6.81,7.58,안양9동
2022121247,13.16,14.6,안양9동
2022121248,11.87,13.1,안양9동
2022121249,3.62,7.82,안양3동
2022121250,8.24,8.34,안양9동
2022121251,8.64,9.16,안양9동
2022121252,5.72,8.4,안양9동
2022121253,6.38,15.27,안양9동
2022121254,4.23,6.21,안양9동
2022121255,9.14,12.46,안양9동
2022121256,4.54,7.05,안양9동
2022121257,10.78,10.83,안양9동
2022121258,4.52,5.32,안양9동
2022121259,6.22,6.77,안양9동
2022121260,4.73,7.12,안양9동
2022121261,9.26,9.93,안양9동
2022121262,6.4,11.78,안양9동
2022121263,4.53,6.78,안양9동
2022121264,5.12,13.58,안양9동
2022121265,2.36,7.76,안양9동
2022121266,3.46,6.91,안양9동
2022121267,6.42,14.37,안양9동
2022121268,2.16,2.27,안양9동
2022121269,1.85,6.66,안양9동
2022121270,4.31,6,안양9동
2022121271,1.91,5.6,안양9동
2022121272,2.34,6.75,안양9동
2022121273,2.67,5.95,안양9동
2022121274,10.39,12.96,안양9동
2022121275,9.72,12.04,안양9동
2022121276,2.79,4.27,안양9동
2022121277,4.1,6.49,안양9동
2022121278,5.86,6.18,안양9동
2022121279,6.94,10.81,달안동
2022121280,11.69,13.27,달안동
2022121281,4.83,6.52,달안동
2022121282,8.53,14.74,달안동
2022121283,12.15,17.15,달안동
2022121284,8.33,10.89,부흥동
2022121285,14.68,20.12,달안동
2022121286,16.08,18.72,부흥동
2022121287,14.71,18.77,달안동
2022121288,17.6,19.38,달안동
2022121289,14.96,21.07,비산2동
2022121290,22.93,35.45,비산3동
2022121291,17.09,19.31,달안동
2022121292,17.61,19.4,달안동
2022121293,14.91,20.2,달안동
2022121294,14.22,15.61,달안동
2022121295,14.91,15.89,달안동
2022121296,9.53,10.9,부흥동
2022121297,14.52,15.97,달안동
2022121298,17.69,19.08,부흥동
2022121299,4.84,9.85,비산3동
2022121300,8.57,29.69,비산2동
2022121301,8.89,10.08,비산2동
2022121302,5.51,5.63,비산2동
2022121303,6.74,7.46,비산2동
2022121304,6.53,11.26,부흥동
2022121305,3.61,3.71,부흥동
2022121306,4.12,5.84,비산2동
2022121307,9.39,10.85,비산2동
2022121308,3.8,6.33,부흥동
2022121309,4.4,7.07,비산2동
2022121310,3.78,7.54,비산1동
2022121311,4.2,9.77,비산2동
2022121312,4.07,9.91,비산3동
2022121313,3.12,5.88,비산2동
2022121314,3.68,5.13,비산1동
2022121315,3.13,12.77,비산2동
2022121316,6.46,6.79,비산2동
2022121317,12.45,15.31,비산2동
2022121318,3.07,13.06,비산2동
2022121319,10.68,11.7,비산2동
2022121320,11,11.99,비산2동
2022121321,12.96,13.34,부흥동
2022121322,11.72,12.35,부흥동
2022121323,12.48,17.75,부흥동
2022121324,12.44,17.37,부흥동
2022121325,14.22,18.04,부흥동
2022121326,4.23,6.96,비산2동
2022121327,1.64,6.86,비산2동
2022121328,4.16,5.96,비산2동
2022121329,3.14,5.95,비산2동
2022121330,2.39,5.01,비산2동
2022121331,7.24,7.88,비산2동
2022121332,7.87,8.44,비산2동
2022121333,4.09,8.53,비산1동
2022121334,3.66,4.18,비산1동
2022121335,3.09,8.75,비산2동
2022121336,2.74,14.52,비산1동
2022121337,5.08,5.81,비산1동
2022121338,4.29,6.07,비산2동
2022121339,6.83,8.64,비산2동
2022121340,5.87,6.79,비산2동
2022121341,6.82,8.9,비산2동
2022121342,7.18,9.34,비산2동
2022121343,6.54,8.58,비산2동
2022121344,6.43,7.65,비산2동
2022121345,6.82,8.57,비산2동
2022121346,6.82,8.58,비산2동
2022121347,5.71,6.58,비산2동
2022121348,6.29,7.12,비산2동
2022121349,6.22,6.46,비산2동
2022121350,6.66,8.54,비산2동
2022121351,6.71,9.15,비산2동
2022121352,5.69,7.44,비산2동
2022121353,4.65,4.72,비산2동
2022121354,4.33,4.97,비산2동
2022121355,4.94,15.5,비산2동
2022121356,4.28,8.04,비산2동
2022121357,4.18,6.64,비산2동
2022121358,2.99,8.55,비산2동
2022121359,4.71,10.62,비산2동
2022121360,6.53,9.26,비산2동
2022121361,6.91,8.1,비산2동
2022121362,2.56,4.93,비산2동
2022121363,4.19,6.26,비산2동
2022121364,2.78,11.04,비산2동
2022121365,3.08,8.05,비산2동
2022121366,8.71,29.93,비산1동
2022121367,7.96,31.92,비산1동
2022121368,4.12,12.68,비산2동
2022121369,4.19,13.7,비산1동
2022121370,4.19,10.16,비산1동
2022121371,3.85,18.78,비산1동
2022121372,3.71,4.98,비산2동
2022121373,4.1,5.93,비산2동
2022121374,2.22,6.83,비산2동
2022121375,3.2,8.64,비산2동
2022121376,5.76,6.27,비산1동
2022121377,4.23,4.24,비산1동
2022121378,5.5,5.53,비산1동
2022121379,4.88,5.03,비산1동
2022121380,6.89,7.13,비산1동
2022121381,3.71,4.05,안양7동
2022121382,4.95,5.22,안양7동
2022121383,5.71,5.75,비산1동
2022121384,11.79,12.37,안양7동
2022121385,4.33,4.47,비산1동
2022121386,7.5,10.31,비산2동
2022121387,6.52,7.27,안양7동
2022121388,15.88,18.46,안양7동
2022121389,8.65,16.25,비산1동
2022121390,11.29,11.75,비산1동
2022121391,15.51,21.41,비산1동
2022121392,8.61,9.26,비산2동
2022121393,9.85,10.54,비산2동
2022121394,10.58,19.74,비산1동
2022121395,15.17,15.5,비산1동
2022121396,5.72,7.32,비산1동
2022121397,19.27,28.99,비산1동
2022121398,6.19,7.11,비산2동
2022121399,9.02,9.38,안양1동
2022121400,16.21,18.94,안양7동
2022121401,11.13,16.92,안양7동
2022121402,12.92,17.04,안양7동
2022121403,10.28,15.92,안양7동
2022121404,12.03,16.4,안양7동
2022121405,12.37,16.71,안양7동
2022121406,10.32,10.37,안양7동
2022121407,10.09,10.11,안양7동
2022121408,8.7,9.15,안양7동
2022121409,13.17,13.38,안양7동
2022121410,9.03,9.22,안양7동
2022121411,6.46,6.6,안양7동
2022121412,5.26,5.76,비산1동
2022121413,6.37,6.51,안양1동
2022121414,18.13,20.4,안양7동
2022121790,8.72,14.62,비산3동
2022121791,5.96,13.26,비산3동
2022121792,11.73,22,비산3동
2022121793,7.82,12.45,비산3동
2022121794,11.62,21.92,비산3동
2022121795,12.3,13.33,관양1동
2022121796,7.61,8.25,관양1동
2022121797,7.03,7.34,관양1동
2022121798,10.78,11.07,관양1동
2022121799,12.96,15.5,관양1동
2022121800,13.02,15.33,관양1동
2022121801,4.48,8.83,관양1동
2022121802,4.35,6.47,관양1동
2022121803,5.49,6.01,관양1동
2022121804,6.62,7.26,관양1동
2022121805,6.14,11.34,관양1동
2022121806,8.5,8.51,관양1동
2022121807,8.53,8.76,관양1동
2022121808,9.22,9.93,관양1동
2022121809,8.36,8.73,관양1동
2022121810,5.18,6.27,관양1동
2022121811,9.36,12.12,관양1동
2022121812,10.49,12.94,관양1동
2022121813,3.3,6.17,관양1동
2022121814,12.51,12.82,관양1동
2022121440,15.84,16.6,안양1동
2022121441,13.68,28.02,안양1동
2022121442,5.43,10.74,안양1동
2022121443,9.99,10.92,안양4동
2022121444,5.97,8.05,안양4동
2022121445,11.22,14.63,안양4동
2022121446,8.54,10.15,안양4동
2022121447,4.5,5.19,안양4동
2022121448,20.21,27.67,안양4동
2022121449,6.22,7.37,안양1동
2022121450,12.55,17.15,안양4동
2022121451,8.15,9.32,안양1동
2022121452,4.72,7.82,안양1동
2022121453,12.81,13.89,안양4동
2022121454,12.5,18.19,안양1동
2022121455,7.87,10.3,안양4동
2022121456,4.82,5.73,안양1동
2022121457,3.53,3.91,안양1동
2022121458,12.5,14.47,안양1동
2022121459,12.84,14.73,안양1동
2022121460,10.92,14.22,안양4동
2022121461,10.64,11.65,안양4동
2022121462,9.76,9.96,안양4동
2022121463,11.71,12.18,안양4동
2022121464,7.2,7.42,안양4동
2022121465,11.33,11.74,안양4동
2022121466,8.08,8.83,안양4동
2022121467,4.16,9.69,안양4동
2022121468,3.52,9.77,안양4동
2022121469,3.62,6,안양4동
2022121470,6.96,7.9,안양4동
2022121471,5.76,7.43,안양4동
2022121472,9.04,9.58,안양4동
2022121473,9.09,9.21,안양4동
2022121474,8.51,8.67,안양4동
2022121475,7.24,9.52,안양4동
2022121476,9.78,11.1,안양4동
2022121477,3.78,12.43,안양4동
2022121478,8.63,9.43,안양4동
2022121479,4.32,5.13,안양4동
2022121480,11.78,12.33,안양4동
2022121481,6.62,8.82,안양4동
2022121482,9.13,11.1,안양3동
2022121483,8.72,10.11,안양4동
2022121484,7.33,8.69,안양4동
2022121485,11.36,11.55,안양4동
2022121486,9.01,10.27,안양4동
2022121487,10.81,11.02,안양4동
2022121488,8.41,8.7,안양4동
2022121489,6.32,9.61,안양3동
2022121490,5.76,10.1,안양3동
2022121491,17.15,18.49,안양3동
2022121492,12.12,12.92,안양4동
2022121493,5.8,6.86,안양4동
2022121494,6.02,8.33,안양3동
2022121495,5.46,6.01,안양3동
2022121496,8.98,9.43,안양3동
2022121497,6.96,8.56,안양3동
2022121498,9.01,12.08,안양3동
2022121499,6.83,7.93,안양3동
2022121500,6.62,9.51,안양4동
2022121501,14.89,15.85,안양4동
2022121502,13.68,17.14,안양4동
2022121503,9.4,9.85,안양4동
2022121504,9.45,10,안양4동
2022121505,7.88,8.65,안양3동
2022121506,4.22,6.75,안양3동
2022121507,4.14,4.19,안양3동
2022121508,4.74,8.18,안양3동
2022121509,4.22,5.84,안양3동
2022121510,5.4,6.37,안양3동
2022121511,6.28,9.78,안양3동
2022121512,7.14,8.98,안양3동
2022121513,9.2,11.27,안양3동
2022121514,4.53,7.03,안양3동
2022121515,16.58,16.74,안양3동
2022121516,7,8.58,안양3동
2022121517,9.46,10.88,안양3동
2022121518,12.45,15.84,안양3동
2022121519,5.32,6.27,안양3동
2022121520,10.43,11.61,안양3동
2022121521,4.02,5.65,안양3동
2022121522,9.92,12.99,안양9동
2022121523,5.14,12.45,안양3동
2022121524,4.23,6.33,안양3동
2022121525,4.59,10.37,안양3동
2022121526,5.09,5.89,안양3동
2022121527,5.32,6.01,안양3동
2022121528,7.21,12.13,안양3동
2022121529,4.25,5.31,관양2동
2022121530,5.52,6.4,관양2동
2022121531,6.31,7.33,관양2동
2022121532,5.66,6.64,관양2동
2022121533,4.42,6.92,관양2동
2022121534,21.25,23.79,관양2동
2022121535,21.77,25.52,관양2동
2022121536,4.09,6.87,관양2동
2022121537,9.23,9.88,관양2동
2022121538,10.01,10.48,관양2동
2022121539,10.49,17.93,관양2동
2022121540,2.11,8.06,관양2동
2022121541,5.33,5.53,관양2동
2022121542,10.92,12.13,관양2동
2022121543,7.3,7.53,관양2동
2022121544,6.08,15.37,관양2동
2022121545,5.35,6.85,관양2동
2022121546,2.46,6.17,관양2동
2022121547,3.52,4.28,관양2동
2022121548,3.04,4.41,관양2동
2022121549,2.51,14.9,관양2동
2022121550,5.82,9.96,관양2동
2022121551,5.2,12.83,관양2동
2022121552,3.29,6.2,관양2동
2022121553,12.06,16.14,관양2동
2022121554,15.63,16.34,관양2동
2022121555,7.61,8.9,관양2동
2022121556,2.74,4.96,관양2동
2022121557,4.86,6.7,관양2동
2022121558,9.96,23.53,관양2동
2022121559,9.67,18.8,관양2동
2022121560,12.11,14.42,관양2동
2022121561,10.02,12.34,관양2동
2022121562,5.43,6.76,관양2동
2022121563,4.84,13.84,관양2동
2022121564,4.54,16.24,관양1동
2022121565,14.39,43.51,관양1동
2022121566,6.04,17.83,관양2동
2022121567,6.58,7.4,관양2동
2022121568,6.15,7.82,관양2동
2022121569,4.02,15.22,관양1동
2022121570,5.05,18.35,관양2동
2022121571,4.05,13.73,관양2동
2022121572,4.01,5.45,관양2동
2022121573,7.74,11.13,관양2동
2022121574,6.65,10.97,관양2동
2022121575,4.8,8.22,관양2동
2022121576,8.86,10.54,관양2동
2022121577,5.05,9.27,관양2동
2022121578,9.25,11.34,관양2동
2022121579,6.47,11.87,관양2동
2022121580,4.87,7.36,관양2동
2022121581,11.14,24.26,관양2동
2022121582,7.35,10.48,관양2동
2022121583,10.48,15.47,관양2동
2022121584,11.55,14.26,관양2동
2022121585,6.19,11.12,관양2동
2022121586,5.9,12.72,관양1동
2022121587,11.99,17.77,관양2동
2022121588,9.35,11.38,관양2동
2022121589,11.23,15.48,관양2동
2022121590,9.11,23.57,관양1동
2022121591,6.45,11.36,관양1동
2022121592,17.64,43.06,관양1동
2022121593,6.2,8.78,관양1동
2022121594,7.59,13.43,관양1동
2022121595,5.9,6.07,관양1동
2022121596,7.48,15.03,관양2동
2022121597,9.48,16.84,부림동
2022121598,17.04,43.01,관양1동
2022121599,7.18,14.54,관양1동
2022121600,4.32,7.8,관양2동
2022121601,4.93,5.53,관양1동
2022121602,8.47,11.35,관양2동
2022121603,8.23,14.06,관양2동
2022121604,7.77,16.96,관양2동
2022121605,7.33,18.2,관양1동
2022121606,8.83,13.22,관양2동
2022121607,6.65,12.2,관양2동
2022121608,4.13,8.52,관양2동
2022121609,11.06,15.64,관양2동
2022121610,7.96,10.73,관양2동
2022121611,5.77,11.74,관양1동
2022121612,9.33,13.7,관양1동
2022121613,0.67,1.76,관양1동
2022121614,4.04,7.23,관양1동
2022121615,5.21,11.25,관양1동
2022121616,2.94,6.59,관양1동
2022121617,6.11,9.27,관양1동
2022121618,5.73,8.12,부림동
2022121619,14.07,18.12,부림동
2022121620,12.74,25.59,부림동
2022121621,14.25,23.86,부림동
2022121622,5.11,8.39,관양1동
2022121623,4.94,13.46,관양1동
2022121624,7.27,8.85,관양1동
2022121625,9.19,16.19,부림동
2022121626,25.12,31.3,부림동
2022121627,4.26,11.27,부림동
2022121628,4.18,11.28,부림동
2022121629,5.08,7.9,관양1동
2022121630,12.07,19.91,관양1동
2022121631,12.07,21.33,관양1동
2022121632,15.13,43.29,관양1동
2022121633,8.65,16.49,관양1동
2022121634,8.64,13.65,관양1동
2022121635,6.4,13.43,관양1동
2022121636,5.25,12.02,관양1동
2022121637,4.91,10.81,관양1동
2022121638,9.15,13.27,관양1동
2022121639,7.5,16.83,관양1동
2022121640,11.2,27.73,관양1동
2022121641,7.47,15.86,관양1동
2022121642,8.09,19.81,관양1동
2022121643,7.4,15.04,관양1동
2022121644,5.12,12.62,관양1동
2022121645,3.56,11.93,관양1동
2022121646,6.89,18.16,관양1동
2022121647,5.48,5.63,비산3동
2022121648,16.62,33.04,비산3동
2022121649,6.65,14.45,비산3동
2022121650,7.32,15.66,비산3동
2022121651,8.67,25,비산3동
2022121652,5.68,5.7,비산3동
2022121653,8.51,20.52,비산3동
2022121654,6.55,7.29,비산3동
2022121655,6.1,8.55,비산3동
2022121656,4.62,8.06,비산3동
2022121657,5.31,7.52,비산3동
2022121658,5.39,6.52,비산3동
2022121659,7.23,13.15,비산3동
2022121660,8.15,10.63,관양1동
2022121661,11.31,17.13,부림동
2022121662,7.75,14.12,부림동
2022121663,6.67,10.84,부림동
2022121664,6.65,17.36,비산3동
2022121665,4.45,10.76,관양1동
2022121666,7.31,19.28,관양1동
2022121667,5.53,7.37,관양1동
2022121668,16.11,41.04,관양1동
2022121669,11.18,17.87,관양1동
2022121670,15.94,40.56,관양1동
2022121671,8.89,11.38,관양1동
2022121672,14.28,15.86,관양1동
2022121673,3.95,4.65,관양1동
2022121674,5,5.27,관양1동
2022121675,4.33,5.15,관양1동
2022121676,9.8,14.22,관양1동
2022121677,5.76,6.42,관양1동
2022121678,7.42,9.09,관양1동
2022121679,5.97,6.29,관양1동
2022121680,6.99,7.16,관양1동
2022121681,7.61,9.41,관양1동
2022121682,3.53,5.42,관양1동
2022121683,9.02,10.59,관양1동
2022121684,3.12,6.91,관양1동
2022121685,2.69,11.41,관양1동
2022121686,3.15,17.37,관양1동
2022121687,2.84,11.8,관양1동
2022121688,4.27,5.98,관양1동
2022121689,6.89,8.29,관양1동
2022121690,4.27,6.42,관양1동
2022121691,6.2,6.99,관양1동
2022121692,7.19,7.49,관양1동
2022121693,8.35,9.18,관양1동
2022121694,7.54,9.39,관양1동
2022121695,7.14,9.22,관양1동
2022121696,7.42,7.83,관양1동
2022121697,9.44,10.47,관양1동
2022121698,6.48,9.18,관양1동
2022121699,3.83,7.07,관양1동
2022121700,5.41,8.1,관양1동
2022121701,5.23,7.05,관양1동
2022121702,4.97,6.07,관양1동
2022121703,6.17,6.84,관양1동
2022121704,4.37,11.67,관양1동
2022121705,7.63,15.12,관양1동
2022121706,4.3,7.44,관양1동
2022121707,7.69,16.59,관양1동
2022121708,6.18,11.97,관양1동
2022121709,6.47,18.63,관양1동
2022121710,6.76,11.94,관양1동
2022121711,7.51,7.86,관양1동
2022121712,6.48,7.3,관양1동
2022121713,6.66,7.14,관양1동
2022121714,7.05,8.03,관양1동
2022121715,13.51,13.67,관양1동
2022121716,19.01,19.53,관양1동
2022121717,7.55,7.57,관양1동
2022121718,19.64,20.23,관양1동
2022121719,9.13,11.82,관양1동
2022121720,6.64,8.36,관양1동
2022121721,6.73,9.43,관양1동
2022121722,10.81,14.11,관양1동
2022121723,8.16,8.71,관양1동
2022121724,11.84,12.93,관양1동
2022121725,7.3,8.25,관양1동
2022121726,14.59,16.61,관양1동
2022121727,10.79,12.97,관양1동
2022121728,5.44,7.83,관양1동
2022121729,6.51,7.74,관양1동
2022121730,6.12,6.36,관양1동
2022121731,6.43,6.48,관양1동
2022121732,5.56,6.35,관양1동
2022121733,6.28,6.64,관양1동
2022121734,7.13,11.84,관양1동
2022121735,5.62,6.93,관양1동
2022121736,3.92,4.56,관양1동
2022121737,4.9,7.71,관양1동
2022121738,5.89,8.48,관양1동
2022121739,8.46,10.05,관양1동
2022121740,16.56,16.67,관양1동
2022121741,8.07,9.83,관양1동
2022121742,9.73,12.9,관양1동
2022121743,6.79,7.32,관양1동
2022121744,5.97,6.35,관양1동
2022121745,6.67,7.23,관양1동
2022121746,6.72,6.96,관양1동
2022121747,6.85,6.96,관양1동
2022121748,6.33,6.97,관양1동
2022121749,7.41,8.07,관양1동
2022121750,10.31,10.62,관양1동
2022121751,10.5,10.75,관양1동
2022121752,8.88,9.73,관양1동
2022121753,11.76,16.67,관양1동
2022121754,12.05,16.83,관양1동
2022121755,5.71,7.96,관양1동
2022121756,4.34,6.29,관양1동
2022121757,5.82,7.01,관양1동
2022121758,5.57,9.99,관양1동
2022121759,6.24,6.65,관양1동
2022121760,9.6,10.99,관양1동
2022121761,5.43,5.69,관양1동
2022121762,6.93,7.07,관양1동
2022121763,4.1,6.77,관양1동
2022121764,4.21,9.52,관양1동
2022121765,7.67,8.24,관양1동
2022121766,6.44,6.64,관양1동
2022121767,6.2,6.4,관양1동
2022121768,7.32,11.35,관양1동
2022121769,5.7,6.3,관양1동
2022121770,3.69,8,관양1동
2022121771,13.44,18.11,관양1동
2022121772,4.24,6.05,관양1동
2022121773,7.54,11.65,관양1동
2022121774,9.54,13.08,관양1동
2022121775,5.03,9.88,관양1동
2022121776,4.13,4.26,관양1동
2022121777,4.72,5.06,관양1동
2022121778,4.66,4.77,관양1동
2022121779,4.18,4.52,관양1동
2022121780,7.36,9.7,관양1동
2022121781,11.09,20.64,관양1동
2022121782,9.91,17.2,관양1동
2022121783,4.99,6.62,관양1동
2022121784,6.03,6.29,관양1동
2022121785,13.94,14.46,관양1동
2022121786,5.15,7.4,관양1동
2022121787,4.57,12.78,관양1동
2022121788,7.12,10.65,비산3동
2022121789,4.46,6.65,비산3동
2022122163,5.76,10.85,석수1동
2022122164,4.18,9.53,석수1동
2022122165,5.77,10.54,석수1동
2022122166,4.47,5.49,석수1동
2022122167,4.62,6.62,석수1동
2022122168,4.78,6.4,석수1동
2022122169,5.57,14.17,석수1동
2022122170,6.29,6.99,석수1동
2022122171,5.55,6.21,석수1동
2022122172,5.7,6.77,석수1동
2022122173,3.55,12.28,석수1동
2022122174,6.52,10.15,석수1동
2022122175,5.06,6.51,석수1동
2022122176,6.8,9.11,석수1동
2022122177,8.54,9.44,석수1동
2022122178,9.06,10.86,안양2동
2022122179,9.93,10.1,안양2동
2022122180,4.75,6.9,석수1동
2022122181,5.99,6.49,석수1동
2022122182,6.08,12.14,안양2동
2022122183,6.4,8.04,안양2동
2022122184,4.55,5.27,석수1동
2022122185,7.27,7.92,석수1동
2022122186,6.06,7.58,석수1동
2022121815,8.55,8.59,관양1동
2022121816,3.19,7.1,관양1동
2022121817,3.25,7.15,관양1동
2022121818,3.35,7.04,관양1동
2022121819,7.06,7.67,관양1동
2022121820,9.79,10.03,관양1동
2022121821,12.31,12.44,관양1동
2022121822,6.01,9.61,비산3동
2022121823,6.57,16.62,비산3동
2022121824,6.75,13.67,비산3동
2022121825,10.41,14.24,비산3동
2022121826,5.78,6.73,비산3동
2022121827,6.47,7.78,비산3동
2022121828,5.68,5.77,비산3동
2022121829,3.49,5.45,비산3동
2022121830,5.1,5.16,비산3동
2022121831,12.89,13.74,비산3동
2022121832,6.18,7.21,비산1동
2022121833,8.75,12.17,비산1동
2022121834,8.91,10.98,비산1동
2022121835,14.4,16.78,비산1동
2022121836,8.47,11.06,비산1동
2022121837,5.55,11.72,비산1동
2022121838,8.32,11.19,비산1동
2022121839,4.89,5.01,비산1동
2022121840,14.31,14.7,비산1동
2022121841,3.52,14.04,비산1동
2022121842,5.44,7.79,비산1동
2022121843,6.66,8.99,비산1동
2022121844,11.78,12.19,비산1동
2022121845,14.27,14.35,비산1동
2022121846,14.83,15.18,비산1동
2022121847,5.28,5.49,비산1동
2022121848,5.63,5.7,비산1동
2022121849,6.38,8.32,비산1동
2022121850,5.93,12.11,비산1동
2022121851,10.39,14.47,비산1동
2022121852,4.69,5.07,비산1동
2022121853,8.26,14.49,비산1동
2022121854,6.23,8.53,비산1동
2022121855,5.28,5.29,비산1동
2022121856,6.96,14.81,비산1동
2022121857,3.29,6.62,비산1동
2022121858,5.09,13.97,비산1동
2022121859,13.36,16.72,비산1동
2022121860,7.58,8.42,비산1동
2022121861,5.56,11.04,비산1동
2022121862,5.07,12.32,비산1동
2022121863,8.9,12.72,비산1동
2022121864,9.22,12.77,안양1동
2022121865,7.58,9.59,안양1동
2022121866,14.63,17.56,안양2동
2022121867,4.84,5.05,비산1동
2022121868,12.6,15.03,비산1동
2022121869,8.26,8.86,비산1동
2022121870,8.11,8.48,안양1동
2022121871,11.44,11.66,안양1동
2022121872,19.37,20.61,비산1동
2022121873,7.55,9.5,안양1동
2022121874,7.49,9.39,안양1동
2022121875,7.21,8.49,안양1동
2022121876,10.23,10.68,안양1동
2022121877,3.84,9.55,안양1동
2022121878,9.5,9.69,안양1동
2022121879,8.85,9.02,안양1동
2022121880,10.53,10.92,안양1동
2022121881,4.95,5.97,비산1동
2022121882,9.19,14.63,비산1동
2022121883,7.82,7.9,비산1동
2022121884,19.76,19.83,비산1동
2022121885,17.56,18.5,비산1동
2022121886,7.01,7.11,비산1동
2022121887,9.99,11.34,안양1동
2022121888,10.73,11.81,안양2동
2022121889,7.06,9.21,안양1동
2022121890,11.18,12.89,안양1동
2022121891,14.37,14.92,안양1동
2022121892,11.49,12.67,안양2동
2022121893,9.63,9.69,안양2동
2022121894,7.4,7.89,안양2동
2022121895,21.18,25.98,안양1동
2022121896,4.56,4.57,안양1동
2022121897,2.87,3.39,안양1동
2022121898,6.48,7.02,안양1동
2022121899,4.98,9.08,안양1동
2022121900,2.55,2.59,안양2동
2022121901,7.71,8.25,안양1동
2022121902,6.77,7.37,안양1동
2022121903,7.16,8.59,안양1동
2022121904,5.95,9.11,안양1동
2022121905,3.79,5.3,안양2동
2022121906,6.72,7.25,안양1동
2022121907,4.12,7.16,안양1동
2022121908,8.03,9.43,안양1동
2022121909,6.05,6.76,안양1동
2022121910,5.06,6.41,안양2동
2022121911,7.01,8.67,안양2동
2022121912,8.95,9.64,안양2동
2022121913,9.4,9.55,안양2동
2022121914,3.23,5.16,안양1동
2022121915,3.81,4.35,안양2동
2022121916,7,8.42,안양2동
2022121917,7.96,11.1,안양1동
2022121918,28.71,38.56,안양2동
2022121919,8.92,10.29,안양2동
2022121920,2.47,6.02,안양3동
2022121921,8.38,10.74,안양2동
2022121922,11.48,12.48,안양2동
2022121923,4.66,6.45,안양2동
2022121924,11.41,12.82,안양2동
2022121925,7.18,7.92,안양2동
2022121926,16.52,22.09,안양2동
2022121927,18.86,24.48,안양2동
2022121928,12.8,14.97,안양2동
2022121929,6.19,7.2,안양2동
2022121930,18.63,18.88,안양2동
2022121931,7.83,8.87,안양3동
2022121932,17.34,22.79,안양2동
2022121933,2.98,7.25,안양2동
2022121934,2.03,5.06,안양2동
2022121935,6.71,13.76,안양3동
2022121936,2.8,5.09,안양3동
2022121937,2.28,4.17,안양3동
2022121938,5.7,6.39,안양3동
2022121939,5.02,6.34,안양2동
2022121940,20.67,26.6,안양3동
2022121941,6.87,8.78,안양3동
2022121942,2.34,6.09,안양3동
2022121943,3.09,4.47,안양3동
2022121944,7.06,8.58,안양3동
2022121945,3.98,5.05,안양3동
2022121946,7.22,13.49,박달1동
2022121947,4.61,10.84,박달1동
2022121948,2.65,8.24,박달1동
2022121949,3.11,6.87,박달1동
2022121950,2.77,7.06,안양2동
2022121951,2.89,8.14,안양3동
2022121952,2.7,7.35,안양2동
2022121953,6.35,13.79,안양2동
2022121954,2.38,5.02,안양3동
2022121955,2.32,5.16,안양3동
2022121956,3.09,5.41,박달1동
2022121957,2.38,6.22,박달1동
2022121958,7.73,11.3,박달1동
2022121959,6.5,13.17,박달1동
2022121960,8.65,17.58,박달1동
2022121961,6.37,13.82,박달1동
2022121962,5.29,14.85,박달2동
2022121963,10.69,13.16,박달1동
2022121964,6.3,7.82,박달1동
2022121965,8.1,18.57,박달2동
2022121966,3.05,5.82,박달2동
2022121967,10.11,11.86,박달2동
2022121968,10.17,12.92,박달1동
2022121969,5.77,5.79,박달2동
2022121970,3.53,9.22,박달1동
2022121971,6.03,13.21,박달2동
2022121972,2.99,17.06,박달1동
2022121973,6.38,13.75,박달1동
2022121974,2.71,6.13,박달1동
2022121975,1.42,8.04,박달2동
2022121976,2.17,10.07,박달2동
2022121977,12.49,13.54,박달1동
2022121978,13.23,14.63,박달2동
2022121979,4.5,6.14,박달2동
2022121980,9.88,10.22,박달2동
2022121981,5.52,8.66,박달1동
2022121982,4.96,7.1,박달1동
2022121983,5.26,7.01,박달2동
2022121984,8.34,16.95,박달2동
2022121985,2.14,6.34,박달2동
2022121986,8.85,21.37,박달2동
2022121987,4.4,7.1,박달2동
2022121988,8.1,9.09,박달1동
2022121989,4.2,6.16,박달2동
2022121990,6.88,8.17,박달2동
2022121991,8.72,21.56,박달2동
2022121992,8.65,10.03,박달2동
2022121993,8.44,9.65,박달2동
2022121994,10.47,13.41,박달2동
2022121995,10.49,13.76,박달2동
2022121996,8.26,9.12,박달2동
2022121997,9.2,20.59,박달2동
2022121998,10.24,11.85,박달2동
2022121999,7.23,10.93,박달2동
2022122000,6.89,21.46,박달2동
2022122001,7.52,11.1,박달2동
2022122002,5.16,9.57,박달2동
2022122003,5.53,5.99,박달2동
2022122004,3.14,8.76,박달2동
2022122005,6.44,7.12,박달2동
2022122006,3.84,7.06,비산3동
2022122007,12.08,27.02,비산3동
2022122008,7.57,9.3,비산3동
2022122009,4.9,8.67,비산3동
2022122010,7.73,10.93,비산3동
2022122011,10.91,25.54,비산3동
2022122012,6.03,8.97,비산3동
2022122013,4.35,4.9,비산3동
2022122014,9.64,12.38,비산3동
2022122015,8.15,8.48,비산3동
2022122016,9.12,9.12,비산3동
2022122017,9.49,24.13,비산3동
2022122018,4.66,4.73,비산1동
2022122019,7.15,7.26,비산1동
2022122020,5.52,5.95,비산1동
2022122021,5.92,6.71,비산1동
2022122022,2.56,6.9,비산1동
2022122023,4,5.45,비산1동
2022122024,4.4,8,비산1동
2022122025,7.07,8.17,비산1동
2022122026,10.04,12.54,비산1동
2022122027,2.98,4.43,비산1동
2022122028,7.26,9.67,비산1동
2022122029,7.85,12,비산1동
2022122030,9.19,12.73,비산1동
2022122031,4.49,6.94,비산1동
2022122032,6.5,8.58,비산1동
2022122033,5.64,6.21,비산1동
2022122034,5.27,5.73,비산1동
2022122035,5.8,6.33,비산1동
2022122036,23.93,39.94,안양2동
2022122037,7.55,7.88,안양2동
2022122038,8.58,8.91,안양2동
2022122039,6.66,9.42,안양2동
2022122040,9.96,11.96,안양2동
2022122041,5.88,6.74,안양2동
2022122042,6.09,6.39,안양2동
2022122043,6.32,7.35,안양2동
2022122044,11.21,13.46,안양2동
2022122045,5.41,6.03,안양2동
2022122046,11.2,13.32,안양2동
2022122047,7.82,9.1,안양2동
2022122048,17.9,19.22,안양2동
2022122049,4.3,5.21,안양2동
2022122050,5.84,6.27,안양2동
2022122051,6.8,8.41,안양2동
2022122052,6.72,7.19,안양2동
2022122053,3.99,6.55,안양2동
2022122054,17.26,23.99,안양2동
2022122055,11.51,13.99,안양2동
2022122056,12.24,13.77,안양2동
2022122057,7.47,7.62,안양2동
2022122058,10.37,12.8,안양2동
2022122059,13.21,15.95,안양2동
2022122060,7.6,9.03,안양2동
2022122061,11.19,19.27,박달1동
2022122062,7.53,8.1,안양2동
2022122063,12.64,25.05,안양2동
2022122064,7.26,11.03,석수2동
2022122065,7.9,12.87,석수2동
2022122066,18.57,22.85,석수2동
2022122067,13.79,17.8,석수2동
2022122068,19.08,24.96,안양2동
2022122069,14.87,19.73,안양2동
2022122070,6.29,6.6,안양2동
2022122071,7.22,8.18,안양2동
2022122072,16.48,22.25,안양2동
2022122073,17.72,22.49,안양2동
2022122074,11.06,16.62,박달1동
2022122075,10.85,14.11,박달1동
2022122076,11.34,20.04,박달1동
2022122077,10.85,13.31,박달1동
2022122078,10.15,11.71,박달1동
2022122079,6.65,9.26,석수2동
2022122080,6.1,7.04,박달1동
2022122081,6.38,9.64,박달1동
2022122082,5.15,6.68,박달1동
2022122083,12.27,18.11,박달1동
2022122084,8.67,11.07,석수2동
2022122085,6.48,6.92,석수3동
2022122086,8.49,14.34,석수2동
2022122087,11.35,17.26,석수3동
2022122088,14.08,17.82,석수3동
2022122089,16.26,19.06,석수3동
2022122090,4.19,6.49,석수3동
2022122091,6.36,6.57,석수3동
2022122092,3.17,6.2,석수3동
2022122093,5.95,6.56,석수3동
2022122094,5.22,8.36,석수3동
2022122095,12.63,18.89,석수3동
2022122096,8.9,13.86,석수3동
2022122097,6.62,12.17,석수3동
2022122098,5.17,8.98,석수3동
2022122099,10.2,11.59,석수3동
2022122100,14.03,19.9,석수3동
2022122101,4.2,9.67,석수3동
2022122102,7.64,17.71,석수3동
2022122103,8.95,9.8,석수3동
2022122104,6.91,13.15,석수3동
2022122105,6.17,8.57,석수3동
2022122106,8.4,11.31,석수3동
2022122107,15.68,19.16,석수3동
2022122108,6.41,8.89,석수3동
2022122109,4.28,5.68,석수3동
2022122110,14.8,19.57,석수3동
2022122111,12.08,17.52,석수3동
2022122112,6.13,7.09,석수3동
2022122113,11.86,15.88,석수3동
2022122114,8.75,13.61,안양2동
2022122115,7.29,9.36,안양2동
2022122116,10.32,14.15,안양2동
2022122117,5.85,7.97,안양2동
2022122118,2.24,3.53,안양2동
2022122119,3,4.32,안양2동
2022122120,3,4.32,안양2동
2022122121,12.49,14.92,안양2동
2022122122,10.97,12.87,안양2동
2022122123,11.41,16.2,안양2동
2022122124,7.07,8.47,석수2동
2022122125,19.13,22.97,석수2동
2022122126,6.86,12.23,안양2동
2022122127,5.81,6.57,석수2동
2022122128,18.46,23.25,석수2동
2022122129,6.7,6.85,석수2동
2022122130,6.19,6.39,석수2동
2022122131,3.63,4.02,안양2동
2022122132,2.79,3.43,석수2동
2022122133,7.48,12.85,석수2동
2022122134,9.54,22.9,석수2동
2022122135,5.13,8.67,석수2동
2022122136,5.99,6.56,석수2동
2022122137,19.49,22.64,석수2동
2022122138,18.31,23.39,석수2동
2022122139,8.92,15.5,석수2동
2022122140,11.78,13.71,석수2동
2022122141,9.22,16.22,석수2동
2022122142,11.33,29.18,석수2동
2022122143,8.58,16.45,석수2동
2022122144,9.41,22.72,석수2동
2022122145,12.34,14.2,석수2동
2022122146,7.45,12.54,석수2동
2022122147,16.06,21.82,석수2동
2022122148,8.45,13.72,석수2동
2022122149,5.69,13.8,석수2동
2022122150,11.05,13.53,석수2동
2022122151,7.46,12.6,석수2동
2022122152,17.96,22.61,석수2동
2022122153,3.76,6.92,석수2동
2022122154,5.27,11.94,석수2동
2022122155,3.07,8.61,석수2동
2022122156,6.16,9.23,석수2동
2022122157,4.27,6.56,석수2동
2022122158,6.33,8.81,석수2동
2022122159,3.81,4.53,석수2동
2022122160,4.57,6.74,석수2동
2022122161,6.88,7.3,석수1동
2022122162,7.59,9.75,석수1동
2022122536,9.07,16.9,석수2동
2022122537,6.8,11.71,석수2동
2022122538,8.47,10.49,석수2동
2022122539,8.18,19.04,석수2동
2022122540,4.15,5.98,석수2동
2022122541,4.05,5.85,석수2동
2022122542,7.02,15.73,석수2동
2022122543,9.14,14.4,석수2동
2022122544,4.23,7.31,석수2동
2022122545,3.94,8.51,석수2동
2022122546,8.36,16.34,석수2동
2022122547,4.11,10.45,석수2동
2022122548,4.03,9.43,석수2동
2022122549,4.12,5.83,석수2동
2022122550,4.07,5.9,석수2동
2022122551,8.8,22.1,석수2동
2022122552,6.73,21.29,석수2동
2022122553,4.1,5.92,석수2동
2022122554,5.52,6.11,석수2동
2022122555,4.24,5.93,석수2동
2022122556,4.04,5.85,석수2동
2022122557,5.44,5.99,석수2동
2022122558,5.61,6.9,석수2동
2022122559,2.86,3.67,석수2동
2022122560,3.13,7.62,석수2동
2022122187,7.05,8.2,안양2동
2022122188,8.86,11.7,안양2동
2022122189,9.16,11.39,안양2동
2022122190,9.14,9.23,안양2동
2022122191,6.06,7.15,석수1동
2022122192,8.26,9.52,안양2동
2022122193,9.7,10.02,안양2동
2022122194,4.01,5.42,석수1동
2022122195,9.01,10.6,안양2동
2022122196,8.16,8.49,안양2동
2022122197,6.38,10.27,안양2동
2022122198,6.09,6.74,석수1동
2022122199,3.44,9.84,석수1동
2022122200,7.07,9.49,석수2동
2022122201,5.03,5.04,석수1동
2022122202,7.92,9.62,석수1동
2022122203,29.5,32.06,석수1동
2022122204,5.34,7.29,석수2동
2022122205,6.68,8.86,석수2동
2022122206,7.55,10.88,석수1동
2022122207,7.46,7.91,석수1동
2022122208,5.05,12.12,석수1동
2022122209,8.21,8.39,석수1동
2022122210,6.89,11.1,석수1동
2022122211,5.49,6.4,석수2동
2022122212,4.21,5.4,석수2동
2022122213,6.49,7.57,석수2동
2022122214,11.54,15.08,석수2동
2022122215,4.75,5.61,석수2동
2022122216,4.6,5.67,석수2동
2022122217,7.01,7.68,석수2동
2022122218,6.92,7.9,석수2동
2022122219,12.47,14.9,석수2동
2022122220,6.94,8.05,석수2동
2022122221,5.69,6.92,석수2동
2022122222,12.09,15.64,석수2동
2022122223,12.43,14.44,석수2동
2022122224,7.69,22.69,석수2동
2022122225,7.39,14.03,석수2동
2022122226,17.12,21.68,석수2동
2022122227,6.09,6.43,석수2동
2022122228,4.67,5.55,석수2동
2022122229,9.54,22.58,석수2동
2022122230,4.89,6.15,석수1동
2022122231,10.46,11.22,석수1동
2022122232,5.93,6.02,석수1동
2022122233,4.17,6.02,석수1동
2022122234,8.71,9.02,석수1동
2022122235,5.41,11.53,석수1동
2022122236,7.49,15.35,석수1동
2022122237,4.39,4.6,석수1동
2022122238,6.52,12.41,석수1동
2022122239,10.63,18.75,석수1동
2022122240,7.15,13.94,석수1동
2022122241,3.27,8.65,석수1동
2022122242,15.8,17.67,석수1동
2022122243,14.55,15.92,석수1동
2022122244,9.86,10.09,석수1동
2022122245,6.26,7.07,석수1동
2022122246,16.51,17.02,석수1동
2022122247,5.96,6.49,석수1동
2022122248,6.93,6.95,석수1동
2022122249,5.56,5.68,석수1동
2022122250,6.13,6.75,석수1동
2022122251,6.89,7.38,석수1동
2022122252,5.39,5.95,석수1동
2022122253,7.23,8.98,석수1동
2022122254,21.47,27.43,석수1동
2022122255,20.52,34.69,석수1동
2022122256,2.48,3.13,석수1동
2022122257,13.94,14.05,석수1동
2022122258,29.16,30.7,석수1동
2022122259,5.82,6.27,석수1동
2022122260,17.06,22.59,석수2동
2022122261,10.06,14.88,석수2동
2022122262,7.46,7.67,석수1동
2022122263,8.97,19.87,석수2동
2022122264,5.67,6.81,석수2동
2022122265,5.84,7.1,석수1동
2022122266,4.03,5.48,석수2동
2022122267,7.56,9.57,석수2동
2022122268,5.6,10.51,석수2동
2022122269,7.51,9.17,석수2동
2022122270,5.21,8.39,석수2동
2022122271,7.47,11.25,석수2동
2022122272,5.81,10.61,석수2동
2022122273,7.65,9.62,석수2동
2022122274,7.43,9.48,석수2동
2022122275,5.31,9.34,석수2동
2022122276,8.71,17.88,석수2동
2022122277,7.75,12.57,석수2동
2022122278,8.48,18.06,석수2동
2022122279,7.99,14.29,석수2동
2022122280,7.62,9.11,석수2동
2022122281,7.6,9.19,석수2동
2022122282,6.89,8.5,석수2동
2022122283,6.58,6.92,석수2동
2022122284,12,12.92,석수2동
2022122285,10.87,12.35,석수2동
2022122286,6.08,6.18,석수2동
2022122287,11.67,12.92,석수2동
2022122288,6.33,8.55,석수2동
2022122289,13.08,13.6,석수2동
2022122290,7.11,7.69,석수2동
2022122291,6.8,8.34,석수2동
2022122292,5.51,15.47,석수2동
2022122293,8.06,11.79,석수2동
2022122294,9.15,13.6,석수1동
2022122295,11.09,22.29,석수1동
2022122296,0.52,4.34,석수2동
2022122297,5,5.01,석수2동
2022122298,8.98,18.43,석수2동
2022122299,4.91,9.18,석수1동
2022122300,9.92,10.02,석수1동
2022122301,6.31,9.54,석수1동
2022122302,21.38,26.4,석수1동
2022122303,11.74,13.91,석수1동
2022122304,5.79,7.36,석수1동
2022122305,5.28,5.33,비산3동
2022122306,5.17,5.38,비산3동
2022122307,7.16,7.55,비산3동
2022122308,6.69,7.95,비산3동
2022122309,4.32,5.13,비산3동
2022122310,3.16,4.97,비산3동
2022122311,7.01,7.98,비산3동
2022122312,8.8,11.84,비산3동
2022122313,3.12,8.8,비산3동
2022122314,6.27,7.21,비산3동
2022122315,14.61,31.12,비산3동
2022122316,4.46,4.7,비산3동
2022122317,11.63,16.46,비산3동
2022122318,6.1,8.85,비산3동
2022122319,10.66,10.75,비산3동
2022122320,16.52,17.73,비산3동
2022122321,18.28,19.74,비산3동
2022122322,8.53,14.03,비산3동
2022122323,8.05,16.06,비산3동
2022122324,7.28,14.14,비산3동
2022122325,7.15,9.42,비산3동
2022122326,10.11,15.55,비산3동
2022122327,9.54,13.46,비산3동
2022122328,2.77,9.09,비산3동
2022122329,5.82,16.76,비산3동
2022122330,7.43,15.07,비산3동
2022122331,12.63,24.76,비산3동
2022122332,7.91,18.79,비산3동
2022122333,10.41,33.09,비산3동
2022122334,10.08,12.43,비산3동
2022122335,9.65,13.9,비산3동
2022122336,11.15,13.92,비산3동
2022122337,6.76,8.45,비산3동
2022122338,13.81,19.92,박달2동
2022122339,11.37,17.28,박달2동
2022122340,17.47,19.3,박달2동
2022122341,14.27,16.28,박달2동
2022122342,12.09,14.86,박달2동
2022122343,10.89,16.83,박달2동
2022122344,4.58,7.63,석수3동
2022122345,7.9,15.21,석수3동
2022122346,5.67,10.56,석수3동
2022122347,10.72,13.81,석수3동
2022122348,3.27,9.39,석수3동
2022122349,6.5,8.94,석수3동
2022122350,9.68,15.66,석수3동
2022122351,3.56,7.8,석수3동
2022122352,5.31,10.56,석수3동
2022122353,10.75,13.03,석수3동
2022122354,5.15,11.3,석수3동
2022122355,5.48,5.81,석수3동
2022122356,5.02,7.44,석수3동
2022122357,5.75,10.13,석수3동
2022122358,5.74,8.59,석수3동
2022122359,3.22,4.54,석수3동
2022122360,3.33,15.08,석수3동
2022122361,4.63,7.29,석수3동
2022122362,5.97,9.73,석수3동
2022122363,4.61,7.19,석수3동
2022122364,6.92,9.5,석수3동
2022122365,5.95,9.17,석수3동
2022122366,2.94,8.63,석수3동
2022122367,3.71,8.72,석수3동
2022122368,3.61,7.31,석수3동
2022122369,5.43,6.96,석수3동
2022122370,3.58,6.49,석수3동
2022122371,6.31,8.72,석수3동
2022122372,3.58,7.02,석수3동
2022122373,2.52,6.55,석수3동
2022122374,4.64,8.77,석수3동
2022122375,5.59,6.8,석수3동
2022122376,5.25,6.88,석수3동
2022122377,6.27,7.73,석수3동
2022122378,4.75,7.24,석수3동
2022122379,7.09,8.11,석수3동
2022122380,4.73,7.19,석수3동
2022122381,9.58,14.08,박달2동
2022122382,11.21,11.59,석수3동
2022122383,10.81,10.84,석수3동
2022122384,7.47,8.15,석수3동
2022122385,12.94,18.88,박달2동
2022122386,6.39,7.18,석수3동
2022122387,5.74,5.78,석수3동
2022122388,5.94,6.17,석수3동
2022122389,7.5,7.67,석수3동
2022122390,10.49,13.92,박달2동
2022122391,8.44,8.54,박달2동
2022122392,8.61,8.67,박달2동
2022122393,7.53,8.04,박달2동
2022122394,17.52,18.11,박달2동
2022122395,4.88,6.44,박달2동
2022122396,13.54,15.48,박달2동
2022122397,4.96,6.88,박달2동
2022122398,7.46,8.02,박달2동
2022122399,7.27,7.34,박달2동
2022122400,7.17,7.18,박달2동
2022122401,7.05,8.7,박달2동
2022122402,6.61,7.26,박달2동
2022122403,6.63,7.19,박달2동
2022122404,6.65,7.26,박달2동
2022122405,6.75,7.29,박달2동
2022122406,6.71,7.33,박달2동
2022122407,7.57,8.66,박달2동
2022122408,6.54,7.06,박달2동
2022122409,6.57,9.79,박달2동
2022122410,7.12,7.26,박달2동
2022122411,6.79,7.15,박달2동
2022122412,6.61,7.58,박달2동
2022122413,6.65,7.08,박달2동
2022122414,6.48,7.27,박달2동
2022122415,6.56,7.05,박달2동
2022122416,6.64,7.08,박달2동
2022122417,6.76,7.22,박달2동
2022122418,6.54,7.16,박달2동
2022122419,6.59,7.14,박달2동
2022122420,6.75,7.15,박달2동
2022122421,6.84,7.14,박달2동
2022122422,6.67,7.12,박달2동
2022122423,6.45,7.21,박달2동
2022122424,18.32,23.91,박달2동
2022122425,16.68,24.39,박달2동
2022122426,23.76,35.57,박달2동
2022122427,7.95,9.43,박달2동
2022122428,12.2,17.59,박달2동
2022122429,20.7,27.48,박달2동
2022122430,8.55,9.11,박달2동
2022122431,7.97,15.99,석수3동
2022122432,7.56,17.61,석수3동
2022122433,6.79,15.8,석수3동
2022122434,7.42,12.75,석수3동
2022122435,12.34,14.7,석수3동
2022122436,5.3,5.72,석수3동
2022122437,7,15.68,석수3동
2022122438,6.27,6.29,석수3동
2022122439,6.34,6.57,석수3동
2022122440,6.47,6.51,석수3동
2022122441,5.14,5.93,석수3동
2022122442,5.17,8.13,박달2동
2022122443,12.1,14.97,박달2동
2022122444,12.49,14.28,박달2동
2022122445,4.75,5.7,박달2동
2022122446,4.67,4.78,박달2동
2022122447,4.81,5.15,박달2동
2022122448,10.54,13.89,박달2동
2022122449,4.42,6.81,박달2동
2022122450,5.04,6.61,박달2동
2022122451,5.81,7.37,박달2동
2022122452,5.48,6.96,박달2동
2022122453,5.04,6.9,박달2동
2022122454,6.05,6.57,박달2동
2022122455,6.67,7.22,박달2동
2022122456,18.83,23.5,박달2동
2022122457,10.55,13.65,박달2동
2022122458,6.93,8.25,박달2동
2022122459,21.18,32.51,박달2동
2022122460,8.25,34.75,박달2동
2022122461,16.41,22.16,박달2동
2022122462,10.1,13.45,박달2동
2022122463,7.16,7.82,박달2동
2022122464,17.14,24.97,박달2동
2022122465,5.55,6.78,박달2동
2022122466,6.82,7.43,박달2동
2022122467,6.1,6.97,박달2동
2022122468,6.67,6.99,박달2동
2022122469,6.55,7.1,박달2동
2022122470,6.65,7.08,박달2동
2022122471,14.13,16.9,박달2동
2022122472,6.09,7.49,박달2동
2022122473,6.73,7.18,박달2동
2022122474,6.51,7.03,박달2동
2022122475,6.97,7.01,박달2동
2022122476,7.02,7.74,박달2동
2022122477,6.57,7.09,박달2동
2022122478,5.28,9.13,박달2동
2022122479,6.58,10.2,박달2동
2022122480,9.38,15.09,박달2동
2022122481,6.25,6.85,박달2동
2022122482,6.04,6.93,박달2동
2022122483,6.17,6.89,박달2동
2022122484,6.32,6.55,박달2동
2022122485,6.49,6.65,박달2동
2022122486,6.12,7.73,박달2동
2022122487,4.96,7.36,박달2동
2022122488,5.63,7.96,박달2동
2022122489,3.53,6.03,박달2동
2022122490,4.97,5.46,박달2동
2022122491,16.61,20.93,석수2동
2022122492,11.78,15.33,석수2동
2022122493,16.97,19.37,석수2동
2022122494,10.49,11.19,석수2동
2022122495,10.7,11.93,석수2동
2022122496,10.22,12.2,석수2동
2022122497,12.11,14.67,석수2동
2022122498,6.35,7.39,박달2동
2022122499,10.33,10.36,석수2동
2022122500,14.12,14.92,석수2동
2022122501,9.92,12.04,석수2동
2022122502,17.23,20.93,석수2동
2022122503,2.39,6.03,석수2동
2022122504,7.74,11.12,석수2동
2022122505,11.96,17.22,석수2동
2022122506,6.9,13.99,석수2동
2022122507,13.25,16.77,박달2동
2022122508,7.75,8.77,박달2동
2022122509,7.15,12.71,석수2동
2022122510,16.23,22.85,석수2동
2022122511,19.46,31.17,석수2동
2022122512,13.52,15.75,석수2동
2022122513,15.77,21.43,박달2동
2022122514,7.92,9.36,박달2동
2022122515,9.08,9.79,박달2동
2022122516,7.95,9.56,박달2동
2022122517,8.94,9.72,박달2동
2022122518,12.35,14.27,박달2동
2022122519,13.03,15.8,박달2동
2022122520,12.64,15.37,박달2동
2022122521,11.91,16.69,박달2동
2022122522,14.01,18.3,석수2동
2022122523,12.08,16.87,석수2동
2022122524,11.77,17.14,박달2동
2022122525,12.4,16.75,석수2동
2022122526,13.45,16.86,석수2동
2022122527,10.86,13.83,박달2동
2022122528,15.67,22.24,박달2동
2022122529,16.3,21.68,박달2동
2022122530,11.74,15.82,박달2동
2022122531,5.19,6.82,석수2동
2022122532,13.14,16.1,석수2동
2022122533,7.6,9.26,박달2동
2022122534,9.43,14.51,석수2동
2022122535,8.91,13.65,박달2동
2022122561,5.07,5.75,석수2동
2022122562,7.15,8.55,박달2동
2022122563,6.03,7.66,박달2동
2022122564,8.66,18.73,박달2동
2022122565,18.43,20.62,박달2동
2022122566,15.31,16.46,박달2동
2022122567,20.31,22.73,박달2동
2022122568,4.93,13.02,박달2동
2022122569,10.15,17.88,박달2동
2022122570,7.02,8.06,박달2동
2022122571,14.84,20.79,석수3동
2022122572,7.71,12.56,박달2동
2022122573,2.66,4.95,박달2동
2022122574,3.97,6.36,박달2동
2022122575,3.76,6.16,박달2동
2022122576,5.64,7.27,석수3동
2022122577,7.95,8.85,석수3동
2022122578,6.17,7.97,석수3동
511007,6,13,박달2동
511008,3,11.5,박달2동
511009,4.1,9.5,박달2동
511010,4,18.6,박달2동
511006,2.4,8.2,박달2동
0,0,0,안양시
0,0,0,안양시
0,0,0,안양시
0,0,0,안양시
505054,2.49,8.47,석수2동
505053,2.5,5.88,석수2동
505052,3,7.64,석수2동
505051,2.46,10.44,석수2동
505050,1.82,6.73,석수2동
0,0,0,안양시
0,0,0,안양시
0,0,0,안양시
0,0,0,안양시
0,0,0,안양시
0,0,0,안양시
0,0,0,안양시
0,0,0,안양시
0,0,0,안양시
0,0,0,안양시
0,0,0,안양시
0,0,0,안양시
0,0,0,안양시
0,0,0,안양시
0,0,0,안양시
0,0,0,안양시
0,0,0,안양시
0,0,0,안양시
0,0,0,안양시
0,0,0,안양시
0,0,0,안양시
0,0,0,안양시
0,0,0,안양시
0,0,0,안양시
0,0,0,안양시
0,0,0,안양시
0,0,0,안양시
0,0,0,안양시
0,0,0,안양시
0,0,0,안양시
0,0,0,안양시
0,0,0,안양시
0,0,0,안양시
0,0,0,안양시
0,0,0,안양시
0,0,0,안양시
0,0,0,안양시
0,0,0,안양시
0,0,0,안양시
0,0,0,안양시
0,0,0,안양시
651,0,0,안양시
0,0,0,안양시
0,0,0,안양시
0,0,0,안양시
0,0,0,안양시
0,0,0,안양시
0,0,0,안양시
0,0,0,안양시
0,0,0,안양시
0,0,0,안양시
0,0,0,안양시
0,0,0,안양시
973,0,0,안양시
0,0,0,안양시
0,0,0,안양시
0,0,0,안양시
0,0,0,안양시
0,0,0,안양시
0,0,0,안양시
0,0,0,안양시
0,0,0,안양시
0,0,0,안양시
0,0,0,안양시
0,0,0,안양시
433,0,0,안양시
0,0,0,안양시
0,0,0,안양시
0,0,0,안양시
0,0,0,안양시
0,0,0,안양시
0,0,0,안양시
0,0,0,안양시
0,0,0,안양시
0,0,0,안양시
401,0,0,안양시
463,0,0,안양시
0,0,0,안양시
0,0,0,안양시
0,0,0,안양시
0,0,0,안양시
0,0,0,안양시
834,0,0,안양시
838,0,0,안양시
0,0,0,안양시
0,0,0,안양시
0,0,0,안양시
0,0,0,안양시
0,0,0,안양시
0,0,0,안양시
0,0,0,안양시
0,0,0,안양시
0,0,0,안양시
0,0,0,안양시
0,0,0,안양시
0,0,0,안양시
0,0,0,안양시
0,0,0,안양시
0,0,0,안양시
0,0,0,안양시
528,0,0,안양시
0,0,0,안양시
0,0,0,안양시
0,0,0,안양시
0,0,0,안양시
978,0,0,안양시
667,0,0,안양시
763,0,0,안양시
992,0,0,안양시
997,0,0,안양시
797,0,0,안양시
809,0,0,안양시
0,0,0,안양시
189,0,0,안양시
939,0,0,안양시
953,0,0,안양시
963,0,0,안양시
0,0,0,안양시
0,0,0,안양시
0,0,0,안양시
0,0,0,안양시
0,0,0,안양시
0,0,0,안양시
0,0,0,안양시
0,0,0,안양시
0,0,0,안양시
0,0,0,안양시
0,0,0,안양시
0,0,0,안양시
0,0,0,안양시
0,0,0,안양시
0,0,0,안양시
0,0,0,안양시
0,0,0,안양시
0,0,0,안양시
0,0,0,안양시
0,0,0,안양시
0,0,0,안양시
0,0,0,안양시
0,0,0,안양시
22,0,0,안양시
0,0,0,안양시
0,0,0,안양시
0,0,0,안양시
0,0,0,안양시
0,0,0,안양시
969,0,0,안양시
0,0,0,안양시
0,0,0,안양시
0,0,0,안양시
0,0,0,안양시
0,0,0,안양시
0,0,0,안양시
0,0,0,안양시
0,0,0,안양시
0,0,0,안양시
889,0,0,안양시
0,0,0,안양시
0,0,0,안양시
0,0,0,안양시
0,0,0,안양시
0,0,0,안양시
0,0,0,안양시
0,0,0,안양시
0,0,0,안양시
0,0,0,안양시
0,0,0,안양시
0,0,0,안양시
0,0,0,안양시
0,0,0,안양시
0,0,0,안양시
0,0,0,안양시
0,0,0,안양시
0,0,0,안양시
0,0,0,안양시
0,0,0,안양시
0,0,0,안양시
0,0,0,안양시
0,0,0,안양시
0,0,0,안양시
0,0,0,안양시
0,0,0,안양시
0,0,0,안양시
0,0,0,안양시
0,0,0,안양시
0,0,0,안양시
0,0,0,안양시
0,0,0,안양시
0,0,0,안양시
852,0,0,안양시
0,0,0,안양시
0,0,0,안양시
0,0,0,안양시
0,0,0,안양시
0,0,0,안양시
0,0,0,안양시
0,0,0,안양시
83,0,0,안양시
84,0,0,안양시
2021515002,2.19,4.88,4117310200
0,0,0,안양시
0,0,0,안양시
0,0,0,안양시
0,0,0,안양시
723,0,0,안양시
1084,0,0,안양시
764,0,0,안양시
200,0,0,안양시
201,0,0,안양시
204,0,0,안양시
0,0,0,안양시
0,0,0,안양시
0,0,0,안양시
0,0,0,안양시
318,0,0,안양시
349,0,0,안양시
373,0,0,안양시
233,0,0,안양시
235,0,0,안양시
255,0,0,안양시
0,0,0,안양시
0,0,0,안양시
0,0,0,안양시
0,0,0,안양시
0,0,0,안양시
0,0,0,안양시
0,0,0,안양시
0,0,0,안양시
0,0,0,안양시
0,0,0,안양시
0,0,0,안양시
0,0,0,안양시
0,0,0,안양시
0,0,0,안양시
0,0,0,안양시
0,0,0,안양시
0,0,0,안양시
0,0,0,안양시
0,0,0,안양시
0,0,0,안양시
0,0,0,안양시
0,0,0,안양시
0,0,0,안양시
0,0,0,안양시
0,0,0,안양시
0,0,0,안양시
0,0,0,안양시
0,0,0,안양시
0,0,0,안양시
0,0,0,안양시
0,0,0,안양시
0,0,0,안양시
0,0,0,안양시
0,0,0,안양시
864,0,0,안양시
2021515001,3.69,8.18,4117310200
495,0,0,안양시
0,0,0,안양시
0,0,0,안양시
0,0,0,안양시
0,0,0,안양시
0,0,0,안양시
0,0,0,안양시
0,0,0,안양시
0,0,0,안양시
681,0,0,안양시
699,0,0,안양시
534,0,0,안양시
572,0,0,안양시
579,0,0,안양시
592,0,0,안양시
0,0,0,안양시
1172,0,0,안양시
1188,0,0,안양시
1002,0,0,안양시
1107,0,0,안양시
1110,0,0,안양시
1150,0,0,안양시
1160,0,0,안양시
268,0,0,안양시
125,0,0,안양시
2019100027,2.76,8.52,호계1동
2019100028,1.91,5.84,호계1동
2019100026,3.03,8.14,호계1동
202001,3.3,9.1,의왕시 포일동
202002,4,8.4,의왕시 포일동
202003,2.4,15.9,의왕시 포일동
202004,4,6,의왕시 포일동
202005,2.9,13.7,의왕시 포일동
202006,2.4,9.2,의왕시 포일동
0,0,0,안양시
0,0,0,안양시
515,0,0,안양시
151,0,0,안양시
