개방자치단체코드,관리번호,구분명,근거법령명,화장실명,소재지도로명주소,소재지지번주소,남성용-대변기수,남성용-소변기수,남성용-장애인용대변기수,남성용-장애인용소변기수,남성용-어린이용대변기수,남성용-어린이용소변기수,여성용-대변기수,여성용-장애인용대변기수,여성용-어린이용대변기수,관리기관명,전화번호,개방시간,개방시간상세,설치연월,화장실소유구분명,오물처리방식,안전관리시설설치대상여부,비상벨설치여부,비상벨설치장소,화장실입구CCTV설치유무,기저귀교환대유무,기저귀교환대장소,리모델링연월,데이터기준일자,데이터갱신구분,데이터갱신시점,최종수정시점
3830000,202238300000101756,간이화장실,법제3조제5호,간촌약수터 화장실,,경기도 안양시 동안구 관양동 1776,1,2,0,0,0,0,2,0,0,안양시 동안구 교통녹지과,03180454512,상시,,,공공기관-지방자치단체,수세식,N,N,,N,N,,,2022-12-31,I,2026-05-15 18:43:46,2024-02-15 14:43:40
3830000,202238300000101758,공중화장실,,갈뫼어린이공원 공중화장실,경기도 안양시 만안구 안양로 475번길 51,경기도 안양시 만안구 석수동 295-1,3,2,2,0,0,2,3,3,0,안양시 공원관리과,03180455286,,00:00~24:00,,공공기관-지방자치단체,수세식,,Y,남자화장실+여자화장실,N,Y,여자화장실,,2022-12-31,I,2026-05-15 18:43:46,2023-09-15 16:42:42
3830000,202238300000101759,공중화장실,,갈산동 행정복지센터 화장실,경기도 안양시 동안구 흥안대로223번길 30,,2,2,0,0,0,0,2,0,0,갈산동 행정복지센터,03180454760,,09:00~18:00,,공공기관-지방자치단체,수세식,,N,,N,N,,,2022-12-31,I,2026-05-15 18:43:46,2022-12-31 11:48:43
3830000,202238300000101760,공중화장실,,개나리어린이공원 공중화장실,경기도 안양시 만안구 안양로 343번길 57-7,경기도 안양시 만안구 안양동 873-39,3,2,3,0,0,2,3,3,0,안양시 공원관리과,03180455286,,00:00~24:00,,공공기관-지방자치단체,수세식,,Y,여자화장실+남자화장실,N,N,,,2022-12-31,I,2026-05-15 18:43:46,2023-09-15 16:42:26
3830000,202238300000101762,공중화장실,,공작어린이공원 공중화장실,,경기도 안양시 동안구 관양동 1587-1,1,2,1,0,0,0,2,1,0,안양시 공원관리과,03180455021,,00:00~24:00,,공공기관-지방자치단체,수세식,,Y,여자화장실,N,N,,,2022-12-31,I,2026-05-15 18:43:46,2022-12-31 11:48:43
3830000,202238300000101763,공중화장실,법제3조제1호,관악산 자연학습장 화장실,,경기도 안양시 동안구 비산동 산 139,1,1,0,0,0,0,2,0,0,안양시 동안구 교통녹지과,03180454512,상시,,,공공기관-지방자치단체,수세식,Y,N,,N,N,,,2022-12-31,I,2026-05-15 18:43:46,2023-12-28 17:52:12
3830000,202238300000101764,공중화장실,법제3조제1호,관악수목원 공중화장실,,경기도 안양시 만안구 석수동 산11,1,4,0,0,0,0,3,1,0,안양시 만안구 교통녹지과,03180453511,상시,,,공공기관-지방자치단체,수세식,Y,N,,N,N,,,2022-12-31,I,2026-05-15 18:43:46,2023-12-28 17:47:26
3830000,202238300000101765,공중화장실,,관악어린이공원 공중화장실,,경기도 안양시 동안구 비산동 1102-6,2,2,1,0,0,0,2,1,1,안양시 공원관리과,03180455021,,00:00~24:00,,공공기관-지방자치단체,수세식,,Y,여자화장실,Y,N,,,2022-12-31,I,2026-05-15 18:43:46,2022-12-31 11:48:43
3830000,202238300000101766,공중화장실,,관악역(1호선) 공중화장실,경기도 안양시 만안구 경수대로1273번길 46,,3,3,0,0,0,0,10,0,0,관악역,0314717788,,00:00~00:00,,공공기관-국가공공기관,수세식,,N,,N,N,,,2022-12-31,I,2026-05-15 18:43:46,2022-12-31 11:48:43
3830000,202238300000101767,공중화장실,법제3조제16호-영제3조제1항제1호,관양동 행정복지센터 공중화장실,경기도 안양시 동안구 관평로 358번길 46,경기도 안양시 동안구 관양동 1407-1,4,2,3,4,0,0,10,2,0,관양동 행정복지센터,03180454650,정시,09:00~18:00,,공공기관-지방자치단체,수세식,Y,Y,장애인화장실+여자화장실,Y,N,,,2022-12-31,I,2026-05-15 18:43:46,2023-12-28 15:48:29
3830000,202238300000101768,공중화장실,법제3조제16호-영제3조제1항제1호,인덕원동 복지회관,"경기도 안양시 동안구 인덕원로24번길 60 (관양동, 관양2동복지회관)",,6,6,0,0,0,0,6,0,0,인덕원동 행정복지센터,03180454105,정시,09:00~ 18:00,,공공기관-지방자치단체,수세식,Y,N,,N,N,,,2022-12-31,I,2026-05-15 18:43:46,2023-12-28 16:01:13
3830000,202238300000101769,공중화장실,법제3조제16호-영제3조제1항제1호,인덕원동행정복지센터공중화장실,경기도 안양시 동안구 관양로 215,,4,4,1,0,0,0,2,1,0,인덕원동행정복지센터,03180454660,정시,09:00~18:00,,공공기관-지방자치단체,수세식,Y,N,,N,N,,,2022-12-31,I,2026-05-15 18:43:46,2023-12-28 16:00:28
3830000,202238300000101770,공중화장실,,관양도서관 화장실,"경기도 안양시 동안구 동편로 124 (관양동, 관양도서관)",,8,9,4,0,1,2,16,4,2,안양시 동안구도서관,03180456331,,09:00~18:00,,공공기관-지방자치단체,수세식,,N,,N,N,,,2022-12-31,I,2026-05-15 18:43:46,2023-10-05 17:24:55
3830000,202238300000101772,개방화장실,,관양시장문화센터 개방화장실,경기도 안양시 동안구 관평로336번길 31(관양동),,3,3,0,0,0,0,4,0,0,관양시장문화센터,0313865577,,07:00~20:00,,공공기관-지방공공기관(지방공기업/지방출자출연기관),수세식,,N,,Y,Y,여자화장실,,2022-12-31,I,2026-05-15 18:43:46,2023-04-13 16:31:24
3830000,202238300000101774,공중화장실,,국립농산물품질관리원 경기지원,경기도 안양시 만안구 안양로 114,,6,7,1,1,0,0,11,0,0,국립농산물품질관리원 경기지원,0314495292,,09:00~18:00,,공공기관-국가,수세식,,N,,N,N,,,2022-12-31,I,2026-05-15 18:43:46,2022-12-31 11:48:43
3830000,202238300000101776,공중화장실,법제3조제16호-영제3조제1항제1호,귀인동 문화복지센터 화장실,경기도 안양시 동안구 부림로 14,경기도 안양시 동안구 평촌동 933-5,3,5,1,1,0,0,10,1,0,귀인동 행정복지센터,03180454521,정시,09:00~18:00,199404,공공기관-지방자치단체,수세식,Y,Y,남자화장실+여자화장실,Y,Y,여자화장실+남자화장실,,2022-12-31,I,2026-05-15 18:43:46,2023-12-28 16:10:06
3830000,202238300000101777,공중화장실,법제3조제16호-영제3조제1항제1호,귀인동 행정복지센터 화장실,경기도 안양시 동안구 부림로 16,경기도 안양시 동안구 평촌동 933-4,3,3,1,1,0,0,3,1,0,귀인동 행정복지센터,03180454157,정시,09:00~18:00,201708,공공기관-지방자치단체,수세식,Y,Y,여자화장실,Y,Y,여자화장실+남자화장실,,2022-12-31,I,2026-05-15 18:43:46,2023-12-28 16:09:31
3830000,202238300000101783,개방화장실,법제3조제17호-영제3조제2항제1호,김천빌딩 개방화장실,경기도 안양시 만안구 경수대로 1273(석수동),,2,2,0,0,0,0,0,0,0,김천빌딩,07089775959,정시,11:00~23:00,,공공기관-지방공공기관(지방공기업/지방출자출연기관),수세식,N,N,,N,N,,,2022-12-31,I,2026-05-15 18:43:46,2023-12-19 14:55:42
3830000,202238300000101784,공중화장실,,꿈마을어린이공원 공중화장실,,경기도 안양시 동안구 평촌동 932-3,2,2,1,0,1,0,2,1,1,안양시 공원관리과,03180455021,,00:00~24:00,,공공기관-지방자치단체,수세식,,Y,여자화장실+남자화장실,Y,Y,여자화장실,,2022-12-31,I,2026-05-15 18:43:46,2023-09-15 16:42:09
3830000,202238300000101785,공중화장실,,꿈자람어린이공원 공중화장실,,경기도 안양시 동안구 호계동 1054-4,2,2,1,0,1,0,2,1,1,안양시 공원관리과,03180455021,,00:00~24:00,,공공기관-지방자치단체,수세식,,Y,여자화장실,Y,N,,,2022-12-31,I,2026-05-15 18:43:46,2022-12-31 11:48:43
3830000,202238300000101788,개방화장실,,남부시장 상인회관 개방화장실,경기도 안양시 만안구 장내로140번길 51,,3,3,1,0,0,0,5,0,0,남부시장 상인회,0314497400,,05:00~22:00,,공공기관-지방공공기관(지방공기업/지방출자출연기관),수세식,,N,,Y,Y,여자화장실,,2022-12-31,I,2026-05-15 18:43:46,2022-12-31 11:48:43
3830000,202238300000101790,개방화장실,,내안애팰리스빌딩 개방화장실,경기도 안양시 동안구 흥안대로94번길 68(호계동),,2,3,1,1,0,0,4,1,0,내안애팰리스빌딩,0314550461,,08:00~22:00,,공공기관-지방공공기관(지방공기업/지방출자출연기관),수세식,,N,,Y,Y,남자화장실+여자화장실,,2022-12-31,I,2026-05-15 18:43:46,2022-12-31 11:48:43
3830000,202238300000101791,공중화장실,,냉천어린이공원 공중화장실,경기도 안양시 만안구 안양로 263번길 31,경기도 안양시 만안구 안양동 627-311,3,2,3,0,0,2,3,3,0,안양시 공원관리과,03180455286,,00:00~24:00,,공공기관-지방자치단체,수세식,,Y,여자화장실+남자화장실,N,N,,,2022-12-31,I,2026-05-15 18:43:46,2023-09-15 16:41:45
3830000,202238300000101792,공중화장실,,농수산물도매시장 관리사업소 화장실,경기도 안양시 동안구 흥안대로 313,경기도 안양시 동안구 평촌동 934-1 안양시 농수산물도매시장,58,84,2,0,0,0,63,2,0,안양시 농수산물도매시장관리사업소,03180452635,,00:00~24:00,,공공기관-지방자치단체,수세식,,N,,N,Y,여자화장실,,2022-12-31,I,2026-05-15 18:43:46,2022-12-31 11:48:43
3830000,202238300000101797,공중화장실,,늘푸른어린이공원 공중화장실,경기도 안양시 만안구 수리산로48번길 43(안양동),경기도 안양시 만안구 안양동 528,1,2,1,1,0,0,2,1,0,안양시 공원관리과,03180455286,,00:00~24:00,,공공기관-지방자치단체,수세식,,Y,남자화장실+여자화장실,N,Y,남자화장실+여자화장실,,2022-12-31,I,2026-05-15 18:43:46,2022-12-31 11:48:43
3830000,202238300000101798,개방화장실,,다운타운빌딩 개방화장실,경기도 안양시 동안구 시민대로 214(호계동),,2,3,1,0,0,0,2,0,0,다운타운빌딩,0314761336,,00:00~24:00,,공공기관-지방공공기관(지방공기업/지방출자출연기관),수세식,,Y,장애인화장실,Y,N,,,2022-12-31,I,2026-05-15 18:43:46,2022-12-31 11:48:43
3830000,202238300000101799,공중화장실,,달안동 행정복지센터 공중화장실,경기도 안양시 동안구 달안로 65,경기도 안양시 동안구 비산동 1101-5,3,4,1,1,0,0,5,1,0,달안동 행정복지센터,03180454640,,09:00~18:00,,공공기관-지방자치단체,수세식,,N,,N,N,,,2022-12-31,I,2026-05-15 18:43:46,2022-12-31 11:48:43
3830000,202238300000101800,공중화장실,,달안어린이공원 공중화장실,,경기도 안양시 동안구 비산동 1109-2,2,2,1,0,0,0,3,1,0,안양시 공원관리과,03180455021,,00:00~24:00,,공공기관-지방자치단체,수세식,,Y,여자화장실,Y,N,,,2022-12-31,I,2026-05-15 18:43:46,2022-12-31 11:48:43
3830000,202238300000101801,개방화장실,,대건빌딩 개방화장실,"경기도 안양시 동안구 평촌대로223번길 19, 대건상가 (호계동)",경기도 안양시 동안구 호계동 1047-4 대건상가,2,3,0,0,0,0,3,0,0,대건상가 관리단,,,24시간,,공공기관-지방공공기관(지방공기업/지방출자출연기관),수세식,,N,,N,N,,,2022-12-31,I,2026-05-15 18:43:46,2023-07-04 12:59:21
3830000,202238300000101803,개방화장실,,대명빌딩 개방화장실,경기도 안양시 동안구 경수대로 711(호계동),,1,1,0,0,0,0,1,0,0,대명빌딩,,,00:00~24:00,,공공기관-지방공공기관(지방공기업/지방출자출연기관),수세식,,N,,Y,N,,,2022-12-31,I,2026-05-15 18:43:46,2022-12-31 11:48:43
3830000,202238300000101805,공중화장실,,대원어린이공원 공중화장실,,경기도 안양시 동안구 평촌동 898-5,2,2,1,0,0,0,3,1,0,안양시 공원관리과,03180455021,,00:00~24:00,,공공기관-지방자치단체,수세식,,Y,여자화장실+남자화장실,Y,Y,여자화장실,,2022-12-31,I,2026-05-15 18:43:46,2023-09-15 16:44:36
3830000,202238300000101806,개방화장실,,대한신학대학원대학교 개방화장실,경기도 안양시 만안구 경수대로1406번길 30(석수동),,2,4,2,2,0,0,4,0,0,대한신학대학원대학교,0314703140,,06:00~22:00,,공공기관-지방공공기관(지방공기업/지방출자출연기관),수세식,,N,,Y,Y,남자화장실,,2022-12-31,I,2026-05-15 18:43:46,2022-12-31 11:48:43
3830000,202238300000101810,개방화장실,,덕진빌딩 개방화장실,경기도 안양시 동안구 관악대로 486(관양동),,2,2,0,0,0,0,2,0,0,덕진빌딩,,,00:00~24:00,,공공기관-지방공공기관(지방공기업/지방출자출연기관),수세식,,N,,Y,N,,,2022-12-31,I,2026-05-15 18:43:46,2022-12-31 11:48:44
3830000,202238300000101812,공중화장실,,동안구청 공중화장실(1~5층),경기도 안양시 동안구 동안로 158,경기도 안양시 비산동 1111,30,30,3,6,0,0,28,3,2,안양시 동안구 행정지원과,03180454277,,06:00~24:00,,공공기관-지방자치단체,수세식,,N,,N,Y,여자화장실,,2022-12-31,I,2026-05-15 18:43:46,2022-12-31 11:48:44
3830000,202238300000101813,공중화장실,,동안노인복지회관 화장실,경기도 안양시 동안구 동안로 151,,6,9,1,0,0,0,12,0,0,안양시 평생학습과,03180456044,,09:00~18:00,,공공기관-지방자치단체,수세식,,N,,N,N,,,2022-12-31,I,2026-05-15 18:43:46,2023-09-15 16:57:06
3830000,202238300000101814,공중화장실,법제3조제16호-영제3조제1항제1호,동안보건소 화장실,경기도 안양시 동안구 평촌대로253번길 41,경기도 안양시 동안구 비산동 1111,8,8,3,3,0,0,12,3,0,안양시 동안보건소,03180454472,정시,09:00~18:00,200505,공공기관-지방자치단체,수세식,Y,Y,장애인화장실+남자화장실,N,N,,,2022-12-31,I,2026-05-15 18:43:46,2023-12-28 15:38:34
3830000,202238300000101815,개방화장실,,동안빌딩 개방화장실,경기도 안양시 동안구 평촌대로223번길 31,,2,3,0,0,0,0,3,0,0,동안빌딩,0313878403,,00:00~24:00,,공공기관-지방공공기관(지방공기업/지방출자출연기관),수세식,,N,,Y,N,,,2022-12-31,I,2026-05-15 18:43:46,2022-12-31 11:48:44
3830000,202238300000101816,공중화장실,,동안양세무서 공중화장실,"경기도 안양시 동안구 관평로202번길 27, 동안양세무서 (관양동)",경기도 안양시 동안구 관양동 1592-2 동안양세무서,10,15,1,0,0,0,30,1,0,동안양세무서 체납징세과,0313898245,,09:00~18:00,200901,공공기관-국가,수세식,,N,,N,N,,,2022-12-31,I,2026-05-15 18:43:46,2023-06-19 17:47:26
3830000,202238300000101817,공중화장실,,동안청소년수련관,경기도 안양시 동안구 동안로 149,,7,16,8,2,0,0,26,2,0,안양시청소년재단,03180454900,,09:00~22:00,,공공기관-국가공공기관,수세식,,N,,Y,N,,,2022-12-31,I,2026-05-15 18:43:46,2022-12-31 11:48:44
3830000,202238300000101818,개방화장실,,동안타워 개방화장실,경기도 안양시 동안구 부림로 164(관양동),,1,1,0,0,0,0,2,0,0,동안타워,0314213321,,00:00~24:00,,공공기관-지방공공기관(지방공기업/지방출자출연기관),수세식,,N,,Y,N,,,2022-12-31,I,2026-05-15 18:43:46,2022-12-31 11:48:44
3830000,202238300000101819,공중화장실,,동안평생교육센터 화장실,경기도 안양시 동안구 동안로 149,,8,10,0,0,0,0,18,0,0,안양시 평생학습과,03180456044,,09:00~18:00,,공공기관-지방자치단체,수세식,,N,,N,N,,,2022-12-31,I,2026-05-15 18:43:46,2023-09-15 16:55:59
3830000,202238300000101821,개방화장실,,동영벤처스텔3차 개방화장실,경기도 안양시 만안구 덕천로 45(안양동),,2,3,0,0,0,0,3,0,0,동영벤처스텔3차,0314683171,,00:00~24:00,,공공기관-지방공공기관(지방공기업/지방출자출연기관),수세식,,N,,Y,N,,,2022-12-31,I,2026-05-15 18:43:46,2022-12-31 11:48:44
3830000,202238300000101822,공중화장실,,동편공원 공중화장실,,경기도 안양시 동안구 관양동 1660,1,3,0,0,0,0,2,1,0,안양시 공원관리과,03180455015,,00:00~24:00,,공공기관-지방자치단체,수세식,,N,,N,N,,,2022-12-31,I,2026-05-15 18:43:46,2022-12-31 11:48:44
3830000,202238300000101823,개방화장실,,두산벤처타임 개방화장실,경기도 안양시 동안구 흥안대로 415,,3,3,1,0,0,0,3,1,0,두산벤처다임,0314783114,,00:00~24:00,,공공기관-지방공공기관(지방공기업/지방출자출연기관),수세식,,N,,Y,N,,,2022-12-31,I,2026-05-15 18:43:46,2022-12-31 11:48:44
3830000,202238300000101825,공중화장실,,럭키어린이공원 공중화장실,,경기도 안양시 동안구 평촌동 897-6,1,2,1,0,1,0,2,1,1,안양시 공원관리과,03180455021,,00:00~24:00,,공공기관-지방자치단체,수세식,,Y,여자화장실,Y,Y,남자화장실+여자화장실,,2022-12-31,I,2026-05-15 18:43:46,2022-12-31 11:48:44
3830000,202238300000101827,개방화장실,,마하주유소 개방화장실,경기도 안양시 만안구 엘에스로 237(안양동),,1,2,0,0,0,0,1,0,0,마하주유소,0314445175,,00:00~24:00,,공공기관-지방공공기관(지방공기업/지방출자출연기관),수세식,,Y,여자화장실,N,N,,201911,2022-12-31,I,2026-05-15 18:43:46,2022-12-31 11:48:44
3830000,202238300000101828,공중화장실,법제3조제16호-영제3조제1항제1호,만안구청 청사내 공중화장실,경기도 안양시 만안구 안양로 128,경기도 안양시 만안구 안양동 530,15,21,1,1,0,0,20,2,0,안양시 만안구 행정지원과,03180453178,정시,06:00~22:00,,공공기관-지방자치단체,수세식,Y,Y,남자화장실+여자화장실,Y,Y,여자화장실,202309,2022-12-31,I,2026-05-15 18:43:46,2023-12-28 16:14:50
3830000,202238300000101829,공중화장실,,만안노인복지회관 화장실,경기도 안양시 만안구 냉천로153번길 15,,8,8,0,0,0,0,10,0,0,안양시 평생학습과,03180456076,,09:00~18:00,,공공기관-지방자치단체,수세식,,N,,N,N,,,2022-12-31,I,2026-05-15 18:43:46,2023-09-15 16:55:47
3830000,202238300000101830,공중화장실,,만안도서관 화장실,"경기도 안양시 만안구 냉천로 51 (안양동, 안양시립만안도서관)",,14,16,0,0,0,0,12,0,0,안양시 만안구도서관,03180456115,,09:00~18:00,,공공기관-지방자치단체,수세식,,N,,N,N,,,2022-12-31,I,2026-05-15 18:43:46,2023-10-05 17:24:44
3830000,202238300000101831,공중화장실,법제3조제16호-영제3조제1항제1호,만안보건소 화장실,경기도 안양시 만안구 문예로 48,경기도 안양시 만안구 안양동 532-1,1,3,1,1,0,0,2,1,0,안양시 만안보건소,03180453404,정시,09:00~18:00,200004,공공기관-지방자치단체,수세식,Y,N,,N,N,,,2022-12-31,I,2026-05-15 18:43:46,2023-12-28 15:33:32
3830000,202238300000101832,공중화장실,,만안평생교육센터 화장실,경기도 안양시 만안구 냉천로 39,,8,16,0,0,0,0,19,0,0,안양시 평생학습과,03180456063,,09:00~18:00,,공공기관-지방자치단체,수세식,,Y,장애인화장실,N,N,,,2022-12-31,I,2026-05-15 18:43:46,2023-09-15 16:55:34
3830000,202238300000101833,공중화장실,,먹거리촌어린이공원 공중화장실,경기도 안양시 동안구 관평로69번길 29-13(평촌동),경기도 안양시 동안구 평촌동 927,1,2,1,1,0,0,3,1,0,안양시 공원관리과,03180455021,,00:00~24:00,,공공기관-지방자치단체,수세식,,Y,여자화장실+남자화장실,Y,Y,여자화장실,,2022-12-31,I,2026-05-15 18:43:46,2023-09-15 16:44:26
3830000,202238300000101836,공중화장실,,명학공원 공중화장실,,경기도 안양시 만안구 안양동 572,2,2,1,0,0,0,4,1,0,안양시 공원관리과,03180455285,,00:00~24:00,,공공기관-지방자치단체,수세식,,Y,여자화장실,N,Y,여자화장실,,2022-12-31,I,2026-05-15 18:43:46,2022-12-31 11:48:44
3830000,202238300000101838,개방화장실,,명학시장 상가건물,"경기도 안양시 만안구 수리산로47번길 38 (안양동, 명학시장 아파트)",경기도 안양시 만안구 안양동 434-3 명학시장 아파트,2,3,0,0,0,0,4,0,0,상가 번영회,,,08:00~21:00,,공공기관-지방공공기관(지방공기업/지방출자출연기관),수세식,,Y,여자화장실,N,N,,,2022-12-31,I,2026-05-15 18:43:46,2023-07-04 12:59:32
3830000,202238300000101839,공중화장실,,명학역(1호선) 공중화장실,경기도 안양시 만안구 만안로 20,경기도 안양시 만안구 안양동 1163-1,2,2,1,0,0,0,4,1,0,명학역,0314477788,,04:30~24:20,,공공기관-국가공공기관,수세식,,Y,여자화장실,Y,Y,남자화장실+여자화장실,,2022-12-31,I,2026-05-15 18:43:46,2022-12-31 11:48:44
3830000,202238300000101840,공중화장실,,목련어린이공원 공중화장실,,경기도 안양시 동안구 호계동 1052-2,2,2,1,0,1,0,2,1,1,안양시 공원관리과,03180455021,,00:00~24:00,,공공기관-지방자치단체,수세식,,Y,여자화장실,Y,Y,여자화장실,,2022-12-31,I,2026-05-15 18:43:46,2022-12-31 11:48:44
3830000,202238300000101843,공중화장실,,무궁화어린이공원 공중화장실,,경기도 안양시 동안구 호계동 1061,1,2,1,0,0,0,2,1,1,안양시 공원관리과,03180455021,,00:00~24:00,,공공기관-지방자치단체,수세식,,Y,여자화장실+남자화장실,Y,N,,,2022-12-31,I,2026-05-15 18:43:46,2023-09-15 16:43:10
3830000,202238300000101844,개방화장실,,문화빌딩 개방화장실,경기도 안양시 만안구 안양로 338(안양동),,2,1,0,0,0,0,2,0,0,문화빌딩,,,00:00~24:00,,공공기관-지방공공기관(지방공기업/지방출자출연기관),수세식,,N,,N,N,,201912,2022-12-31,I,2026-05-15 18:43:46,2022-12-31 11:48:44
3830000,202238300000101845,공중화장실,법제3조제5호,미륭아파트 앞 공중화장실,경기도 안양시 동안구 경수대로 868번길 16,경기도 안양시 동안구 비산동 1116,1,2,0,0,0,0,3,2,0,안양시 생태하천과,03180452187,상시,,201501,공공기관-지방자치단체,수세식,Y,Y,여자화장실,Y,N,,,2022-12-31,I,2026-05-15 18:43:46,2023-12-28 11:22:22
3830000,202238300000101846,공중화장실,,민백어린이공원 공중화장실,,경기도 안양시 동안구 평촌동 933-2,2,2,1,0,0,0,3,1,0,안양시 공원관리과,03180455021,,00:00~24:00,,공공기관-지방자치단체,수세식,,Y,여자화장실,Y,Y,여자화장실,,2022-12-31,I,2026-05-15 18:43:46,2022-12-31 11:48:44
3830000,202238300000101847,공중화장실,,박달1동 행정복지센터 화장실,경기도 안양시 만안구 양화로127번길 9,경기도 안양시 만안구 박달동 50-2,5,7,1,1,0,0,6,1,0,박달1동 행정복지센터,03180453720,,09:00~18:00,,공공기관-지방자치단체,수세식,,N,,N,Y,남자화장실+여자화장실,,2022-12-31,I,2026-05-15 18:43:46,2022-12-31 11:48:44
3830000,202238300000101848,공중화장실,,박달2동 행정복지센터 화장실,경기도 안양시 만안구 박달로 470 (박달동),경기도 안양시 만안구 박달동 141-2,10,10,5,0,0,0,15,5,0,박달2동 행정복지센터,03180453730,,08:00~22:00,,공공기관-지방자치단체,수세식,,Y,장애인화장실+여자화장실,Y,Y,여자화장실,,2022-12-31,I,2026-05-15 18:43:46,2023-09-15 10:00:41
3830000,202238300000101849,공중화장실,,박달도서관 화장실,"경기도 안양시 만안구 박달로 459 (박달동, 안양시립박달도서관)",,8,8,0,0,0,0,15,0,0,안양시 만안구도서관,03180456175,,09:00~18:00,,공공기관-지방자치단체,수세식,,N,,N,N,,,2022-12-31,I,2026-05-15 18:43:46,2023-10-05 17:24:22
3830000,202238300000101850,공중화장실,법제3조제5호,박달빗물펌프장공중화장실,경기도 안양시 만안구 양화로 135번길 88,경기도 안양시 만안구 박달동 838-7,1,1,0,0,0,0,2,0,0,안양시 생태하천과,03180452187,상시,,200501,공공기관-지방자치단체,수세식,Y,Y,여자화장실,Y,N,,,2022-12-31,I,2026-05-15 18:43:46,2023-12-28 11:21:55
3830000,202238300000101851,개방화장실,,박달시장 상인회관 개방화장실,경기도 안양시 만안구 양화로 132-3,경기도 안양시 만안구 박달동 21-8,3,4,1,0,0,0,7,0,0,박달시장 상인회관,0314692660,,07:00~23:00,,공공기관-지방공공기관(지방공기업/지방출자출연기관),수세식,,Y,장애인화장실,Y,Y,여자화장실,,2022-12-31,I,2026-05-15 18:43:46,2022-12-31 11:48:44
3830000,202238300000101853,공중화장실,법제3조제5호,박석교 공중화장실,,경기도 안양시 박달동 10-1,2,3,1,0,0,0,4,1,0,안양시 생태하천과,03180452187,상시,,202009,공공기관-지방자치단체,수세식,Y,Y,남자화장실+여자화장실,Y,N,,,2022-12-31,I,2026-05-15 18:43:46,2023-12-28 11:21:15
3830000,202238300000101855,공중화장실,,벌말도서관 화장실,"경기도 안양시 동안구 흥안대로434번길 19-27 (평촌동, 벌말도서관)",,3,3,1,2,0,1,5,1,2,안양시 동안구도서관,03180456306,,09:00~18:00,,공공기관-지방자치단체,수세식,,N,,N,N,,,2022-12-31,I,2026-05-15 18:43:46,2023-10-05 17:23:42
3830000,202238300000101857,공중화장실,법제3조제16호-영제3조제1항제1호,범계동 행정복지센터 화장실,경기도 안양시 동안구 평촌대로217번길 63,,1,1,1,1,0,0,2,0,0,범계동 행정복지센터,03180454740,정시,09:00~18:00,199207,공공기관-지방자치단체,수세식,Y,Y,여자화장실,N,N,,,2022-12-31,I,2026-05-15 18:43:46,2023-12-28 16:09:02
3830000,202238300000101858,개방화장실,,범계빌딩 개방화장실,"경기도 안양시 동안구 평촌대로223번길 65, 범계빌딩 (호계동)",경기도 안양시 동안구 호계동 1046-1 범계빌딩,2,3,0,0,0,0,2,0,0,범계빌딩,,,24시간,245308,공공기관-지방공공기관(지방공기업/지방출자출연기관),수세식,,N,,N,N,,,2022-12-31,I,2026-05-15 18:43:46,2022-12-31 11:48:44
3830000,202238300000101860,공중화장실,,범계어린이공원 공중화장실,,경기도 안양시 동안구 호계동 1053-5,1,2,1,0,0,0,2,1,1,안양시 공원관리과,03180455021,,00:00~24:00,,공공기관-지방자치단체,수세식,,Y,여자화장실+남자화장실,Y,Y,여자화장실,,2022-12-31,I,2026-05-15 18:43:46,2023-09-15 16:44:45
3830000,202238300000101861,공중화장실,,범계역(4호선) 공중화장실,경기도 안양시 동안구 동안로 130 지하,,5,4,0,0,0,0,21,0,0,범계역,0313847788,,00:00~00:00,,공공기관-국가공공기관,수세식,,N,,N,N,,,2022-12-31,I,2026-05-15 18:43:46,2022-12-31 11:48:44
3830000,202238300000101862,개방화장실,,베스트상가 개방화장실,경기도 안양시 동안구 귀인로 198(평촌동),,2,2,0,0,0,0,3,0,0,베스트상가,,,00:00~24:00,,공공기관-지방공공기관(지방공기업/지방출자출연기관),수세식,,N,,Y,N,,,2022-12-31,I,2026-05-15 18:43:46,2022-12-31 11:48:44
3830000,202238300000101863,간이화장실,,병목안 담배촌휴게소 앞 공중화장실,경기도 안양시 만안구 병목안로 311,경기도 안양시 만안구 안양동 1219-201,1,1,1,0,0,0,2,1,0,안양시 자원순환과,03180452256,,00:00~24:00,,공공기관-지방자치단체,수세식,,Y,여자화장실,Y,N,,,2022-12-31,I,2026-05-15 18:43:46,2022-12-31 11:48:44
3830000,202238300000101864,공중화장실,,병목안 수리산약수터입구 공중화장실,경기도 안양시 만안구 병목안로 475,경기도 안양시 만안구 안양동 산79-3,2,3,1,0,0,0,5,0,0,안양시 자원순환과,03180452256,,00:00~24:00,,공공기관-지방자치단체,수세식,,Y,여자화장실,Y,N,,,2022-12-31,I,2026-05-15 18:43:46,2022-12-31 11:48:44
3830000,202238300000101865,공중화장실,,병목안 시민공원 관리사무소 공중화장실,경기도 안양시 만안구 병목안로 215,경기도 안양시 만안구 안양동 산82-2,5,4,1,1,0,0,4,1,1,안양시 공원관리과,03180455285,,00:00~24:00,,공공기관-지방자치단체,수세식,,Y,여자화장실,Y,Y,여자화장실,,2022-12-31,I,2026-05-15 18:43:46,2022-12-31 11:48:44
3830000,202238300000101866,공중화장실,,병목안시민공원매점옆공중화장실,,경기도 안양시 만안구 안양동 산81-1,2,4,1,0,0,0,5,1,0,안양시 공원관리과,03180455285,,00:00~24:00,,공공기관-지방자치단체,수세식,,Y,여자화장실+남자화장실,N,Y,여자화장실,,2022-12-31,I,2026-05-15 18:43:46,2023-09-15 16:41:16
3830000,202238300000101867,간이화장실,,병목안 주차장내 공중화장실,,경기도 안양시 만안구 안양동 1146-2,1,1,0,0,0,0,3,0,0,안양시 자원순환과,03180452256,,00:00~24:00,,공공기관-지방자치단체,수세식,,Y,여자화장실,Y,N,,,2022-12-31,I,2026-05-15 18:43:46,2022-12-31 11:48:44
3830000,202238300000101868,공중화장실,법제3조제2호,병목안 캠핑장,경기도 안양시 만안구 병목안로 247번길 37,경기도 안양시 만안구 안양9동 산81-10,4,2,1,0,0,0,4,1,0,안양도시공사(생활지원사업부),0313895293,상시,,,공공기관-지방공공기관(지방공기업/지방출자출연기관),수세식,N,Y,장애인화장실+여자화장실,N,N,,,2022-12-31,I,2026-05-15 18:43:46,2024-02-15 16:08:31
3830000,202238300000101869,간이화장실,법제3조제1호,병목안자연학습장 공중화장실,,경기도 안양시 만안구 안양동 산81-7,1,1,0,0,0,0,2,0,0,안양시 만안구 교통녹지과,03180453511,상시,,,공공기관-지방자치단체,수세식,Y,Y,여자화장실,N,N,,,2022-12-31,I,2026-05-15 18:43:46,2024-02-15 14:41:59
3830000,202238300000101872,공중화장실,법제3조제16호-영제3조제1항제1호,부림동 행정복지센터 화장실,경기도 안양시 동안구 달안로 154,,3,3,0,0,0,0,4,0,0,부림동 행정복지센터,03180454670,정시,09:00~18:00,199212,공공기관-지방자치단체,수세식,Y,N,,N,N,,,2022-12-31,I,2026-05-15 18:43:46,2023-12-28 16:07:01
3830000,202238300000101874,공중화장실,,부안어린이공원 공중화장실,,경기도 안양시 동안구 관양동 1588-4,2,2,1,0,0,0,2,1,0,안양시 공원관리과,03180455021,,00:00~24:00,,공공기관-지방자치단체,수세식,,Y,여자화장실,N,Y,여자화장실,,2022-12-31,I,2026-05-15 18:43:46,2022-12-31 11:48:44
3830000,202238300000101875,공중화장실,법제3조제16호-영제3조제1항제1호,부흥동 행정복지센터 공중화장실,경기도 안양시 동안구 달안로 28,,4,5,1,1,0,0,3,0,0,부흥동 행정복지센터,03180454630,정시,09:00~18:00,,공공기관-지방자치단체,수세식,Y,N,,Y,N,,202311,2022-12-31,I,2026-05-15 18:43:46,2023-12-28 16:07:56
3830000,202238300000101876,개방화장실,,불성사 개방화장실,경기도 안양시 동안구 예술공원로 496,경기도 안양시 동안구 비산동 46-9,3,3,0,0,0,0,3,0,0,불성사,0314443268,,00:00~24:00,,공공기관-지방공공기관(지방공기업/지방출자출연기관),수세식,,N,,N,N,,,2022-12-31,I,2026-05-15 18:43:46,2022-12-31 11:48:44
3830000,202238300000101877,개방화장실,,브레인빌딩 개방화장실,경기도 안양시 만안구 만안로 11(안양동),,1,2,1,0,0,0,1,1,0,브레인빌딩,0314455060,,08:00~23:00,,공공기관-지방공공기관(지방공기업/지방출자출연기관),수세식,,N,,Y,N,,,2022-12-31,I,2026-05-15 18:43:46,2022-12-31 11:48:44
3830000,202238300000101878,공중화장실,법제3조제16호-영제3조제1항제1호,비산1동행정복지센터 공중화장실,경기도 안양시 동안구 비산로 12(비산동),,8,4,4,4,0,0,13,4,0,비산1동 행정복지센터,03180454603,정시,09:00~18:00,202103,공공기관-지방자치단체,수세식,Y,Y,장애인화장실+여자화장실,N,Y,여자화장실+남자화장실,,2022-12-31,I,2026-05-15 18:43:46,2023-12-28 15:45:15
3830000,202238300000101879,공중화장실,법제3조제16호-영제3조제1항제1호,비산2동 행정복지센터 화장실,"경기도 안양시 동안구 관악대로106번길 70, 비산2동 행정복지센터 (비산동)",경기도 안양시 동안구 비산동 414-5 비산2동 행정복지센터,4,4,4,1,0,0,12,2,0,비산2동 행정복지센터,03180454614,정시,09:00~18:00,202007,공공기관-지방자치단체,수세식,Y,Y,여자화장실,Y,N,,,2022-12-31,I,2026-05-15 18:43:46,2023-12-28 16:02:08
3830000,202238300000101880,공중화장실,법제3조제16호-영제3조제1항제1호,비산3동 행정복지센터공중화장실,"경기도 안양시 동안구 운곡로 34 (비산동, 비산3동 행정복지센터)",,1,8,4,0,0,0,9,4,0,비산3동 행정복지센터,03180454620,정시,09:00~18:00,201811,공공기관-지방자치단체,수세식,Y,Y,장애인화장실+남자화장실+여자화장실,Y,N,,,2022-12-31,I,2026-05-15 18:43:46,2023-12-28 16:02:59
3830000,202238300000101881,공중화장실,,비산도서관 화장실,경기도 안양시 동안구 관악대로 123,,4,10,5,0,1,0,14,5,1,안양시 동안구도서관,03180456231,,09:00~18:00,,공공기관-지방자치단체,수세식,,N,,N,N,,,2022-12-31,I,2026-05-15 18:43:46,2023-10-05 17:23:24
3830000,202238300000101884,공중화장실,,삼덕공원 공중화장실,경기도 안양시 만안구 삼덕로 106,경기도 안양시 만안구 안양동 782-19,4,4,1,0,0,0,9,1,0,안양시 공원관리과,03180455285,,00:00~24:00,,공공기관-지방자치단체,수세식,,Y,여자화장실,Y,Y,남자화장실+여자화장실,,2022-12-31,I,2026-05-15 18:43:46,2022-12-31 11:48:44
3830000,202238300000101885,공중화장실,,삼막사 공중화장실,경기도 안양시 만안구 삼막로 478,경기도 안양시 만안구 석수동 241-54,3,4,1,0,0,0,5,0,0,안양시 자원순환과,03180452256,,00:00~24:00,,공공기관-지방자치단체,수세식,,Y,여자화장실,Y,N,,,2022-12-31,I,2026-05-15 18:43:46,2022-12-31 11:48:44
3830000,202238300000101886,간이화장실,법제3조제5호,삼막사주차매표소공중화장실,경기도 안양시 만안구 삼막로 166 (석수동),경기도 안양시 만안구 석수동 산 196,1,1,0,0,0,0,3,0,0,안양시 자원순환과,03180452256,상시,,,공공기관-지방자치단체,수세식,N,Y,여자화장실,Y,N,,,2022-12-31,I,2026-05-15 18:43:46,2024-06-05 14:37:33
3830000,202238300000101887,간이화장실,,삼막사 진입로 공중화장실(경인교대 옆),,경기도 안양시 만안구 석수동 산15-3,1,2,0,0,0,0,3,0,0,안양시 자원순환과,03180452256,,00:00~24:00,,공공기관-지방자치단체,수세식,,Y,여자화장실,Y,N,,,2022-12-31,I,2026-05-15 18:43:46,2022-12-31 11:48:44
3830000,202238300000101888,공중화장실,법제3조제1호,삼막사초소 공중화장실,,경기도 안양시 만안구 석수동 산14-4,1,2,0,0,0,0,2,0,0,안양시 만안구 교통녹지과,03180453511,상시,,,공공기관-지방자치단체,수세식,Y,N,,N,N,,,2022-12-31,I,2026-05-15 18:43:46,2023-12-28 17:40:33
3830000,202238300000101889,공중화장실,,삼막애견공원 내 화장실,,경기도 안양시 만안구 석수동 18,1,2,1,0,0,0,2,1,0,위생정책과,03180452915,,10:00~19:00,,공공기관-지방자치단체,수세식,,N,,Y,Y,여자화장실,,2022-12-31,I,2026-05-15 18:43:46,2023-10-05 17:00:52
3830000,202238300000101890,간이화장실,법제3조제1호,삼성산 화장실,,경기도 안양시 만안구 석수동 산45-46,1,1,0,0,0,0,3,0,0,안양시 만안구 교통녹지과,03180453511,상시,,,공공기관-지방자치단체,수세식,Y,N,,N,N,,,2022-12-31,I,2026-05-15 18:43:46,2024-02-15 14:41:42
3830000,202238300000101895,개방화장실,,샘마을대우(아)상가 개방화장실,경기도 안양시 동안구 흥안대로223번길 19(호계동),,1,2,0,0,0,0,2,0,0,샘마을대우(아)상가,0314297907,,08:00~22:00,,공공기관-지방공공기관(지방공기업/지방출자출연기관),수세식,,N,,Y,N,,,2022-12-31,I,2026-05-15 18:43:46,2022-12-31 11:48:44
3830000,202238300000101899,공중화장실,,서안양우체국,경기도 안양시 만안구 안양로 233,경기도 안양시 만안구 안양동 445-13,1,2,1,1,0,0,2,0,0,서안양우체국,0314452005,,09:00~18:00,,공공기관-국가공공기관,수세식,,N,,Y,N,,,2022-12-31,I,2026-05-15 18:43:46,2022-12-31 11:48:44
3830000,202238300000101901,공중화장실,,석수1동 행정복지센터 화장실,경기도 안양시 만안구 경수대로 1252,경기도 안양시 만안구 석수동 806,8,9,1,1,0,0,11,1,0,석수1동 행정복지센터,03180453690,,08:00~21:00,,공공기관-지방자치단체,수세식,,N,,Y,N,,,2022-12-31,I,2026-05-15 18:43:46,2022-12-31 11:48:44
3830000,202238300000101902,공중화장실,,석수2동 복지회관,"경기도 안양시 만안구 안양로532번길 13-8 (석수동, 석수2동복지회관)",경기도 안양시 만안구 석수동 266-19,2,1,0,0,4,1,2,0,0,석수2동 행정복지센터,03180453751,,00:00~00:00,,공공기관-지방자치단체,수세식,,N,,N,N,,,2022-12-31,I,2026-05-15 18:43:46,2022-12-31 11:48:44
3830000,202238300000101903,공중화장실,,석수2동 행정복지센터 화장실,경기도 안양시 만안구 안양로 496,경기도 안양시 만안구 석수동 279-1,8,9,1,1,0,0,19,1,0,석수2동 행정복지센터,03180453700,,08:00~21:00,,공공기관-지방자치단체,수세식,,N,,N,Y,여자화장실,,2022-12-31,I,2026-05-15 18:43:46,2022-12-31 11:48:44
3830000,202238300000101904,공중화장실,법제3조제16호-영제3조제1항제1호,충훈동행정복지센터 화장실,경기도 안양시 만안구 충훈로90번길 36,경기도 안양시 만안구 충훈로90번길 36,6,6,3,3,0,0,12,3,0,충훈동 행정복지센터,03180453710,정시,09:00~18:00,,공공기관-지방자치단체,수세식,Y,Y,장애인화장실+여자화장실,Y,N,,,2022-12-31,I,2026-05-15 18:43:46,2023-12-28 15:49:02
3830000,202238300000101905,공중화장실,,석수도서관 화장실,"경기도 안양시 만안구 양화로217번길 34(석수동, 안양시립석수도서관)",,25,28,0,0,0,0,13,0,0,안양시 만안구도서관,03180456115,,09:00~18:00,,공공기관-지방자치단체,수세식,,N,,N,N,,,2022-12-31,I,2026-05-15 18:43:46,2023-10-05 17:13:05
3830000,202238300000101908,개방화장실,,석수시장관리소 개방화장실,경기도 안양시 만안구 석천로171번길 20,경기도 안양시 만안구 석수동 287,2,2,0,0,0,0,4,1,0,석수시장관리소,0314731155,,00:00~24:00,,공공기관-지방공공기관(지방공기업/지방출자출연기관),수세식,,N,,Y,N,,,2022-12-31,I,2026-05-15 18:43:46,2022-12-31 11:48:44
3830000,202238300000101909,공중화장실,,석수어린이공원 공중화장실,경기도 안양시 만안구 충훈로 71번길 15,경기도 안양시 만안구 석수동 790,3,2,2,0,0,2,3,3,0,안양시 공원관리과,03180455286,,00:00~24:00,,공공기관-지방자치단체,수세식,,Y,여자화장실,N,Y,여자화장실,,2022-12-31,I,2026-05-15 18:43:46,2022-12-31 11:48:44
3830000,202238300000101910,공중화장실,,석수역(1호선) 공중화장실,경기도 안양시 만안구 경수대로 1431,경기도 안양시 만안구 석수동 737,1,1,1,1,0,0,2,1,0,석수역,0314727788,,04:30~24:30,,공공기관-국가공공기관,수세식,,N,,Y,N,,,2022-12-31,I,2026-05-15 18:43:46,2022-12-31 11:48:44
3830000,202238300000101911,공중화장실,법제3조제13호,석수체육공원 화장실,경기도 안양시 만안구 안양로 595,,12,16,1,0,2,2,12,1,2,안양도시공사(만안체육사업부),0313897885,상시,,,공공기관-지방자치단체,수세식,N,N,,N,Y,남자화장실+여자화장실,,2022-12-31,I,2026-05-15 18:43:46,2024-02-15 16:11:16
3830000,202238300000101914,개방화장실,,수원교구 중앙성당,"경기도 안양시 만안구 장내로 116, 천주교수원교구중앙성당 (안양동)",경기도 안양시 만안구 안양동 627-75 천주교수원교구중앙성당,1,2,0,0,0,0,3,0,0,수원교구,,,05:00~22:00,,공공기관-지방공공기관(지방공기업/지방출자출연기관),수세식,,N,,N,N,,,2022-12-31,I,2026-05-15 18:43:46,2022-12-31 11:48:44
3830000,202238300000101916,공중화장실,,시청앞광장 인라인경기장 옆 공중화장실,,경기도 안양시 동안구 관양동 1591-5,2,2,1,0,0,0,3,1,0,안양시 공원관리과,03180455015,,00:00~24:00,,공공기관-지방자치단체,수세식,,Y,여자화장실,Y,N,,,2022-12-31,I,2026-05-15 18:43:46,2022-12-31 11:48:44
3830000,202238300000101917,공중화장실,,신기어린이공원 공중화장실,,경기도 안양시 동안구 호계동 1056-1,2,2,1,0,0,0,3,1,0,안양시 공원관리과,03180455021,,00:00~24:00,,공공기관-지방자치단체,수세식,,Y,여자화장실+남자화장실,Y,Y,여자화장실,,2022-12-31,I,2026-05-15 18:43:46,2023-09-15 16:46:42
3830000,202238300000101918,개방화장실,,신세대타운상가,"경기도 안양시 동안구 관평로182번길 48, 신세대상가 (관양동)",경기도 안양시 동안구 관양동 1604-1 신세대상가,2,3,0,0,0,0,3,0,0,상가 번영회,,,24시간,,공공기관-지방공공기관(지방공기업/지방출자출연기관),수세식,,N,,N,N,,,2022-12-31,I,2026-05-15 18:43:46,2023-04-13 17:12:07
3830000,202238300000101921,공중화장실,법제3조제16호-영제3조제1항제1호,신촌동 행정복지센터 화장실,경기도 안양시 동안구 동안로 28,경기도 안양시 동안구 호계동 1056-2,4,7,2,1,0,0,10,2,0,신촌동 행정복지센터,03180454752,정시,09:00~18:00,,공공기관-지방자치단체,수세식,Y,Y,여자화장실,N,Y,여자화장실,,2022-12-31,I,2026-05-15 18:43:46,2023-12-28 16:13:01
3830000,202238300000101922,공중화장실,,신촌어린이공원 공중화장실,,경기도 안양시 동안구 호계동 1055-2,1,2,1,0,0,0,2,1,1,안양시 공원관리과,03180455021,,00:00~24:00,,공공기관-지방자치단체,수세식,,Y,여자화장실,Y,Y,여자화장실,,2022-12-31,I,2026-05-15 18:43:46,2022-12-31 11:48:44
3830000,202238300000101923,개방화장실,,신한데뷰오피스텔 개방화장실,경기도 안양시 동안구 안양판교로 20(관양동),,3,3,1,0,0,0,3,1,0,신한데뷰오피스텔,0314256675,,00:00~24:00,,공공기관-지방공공기관(지방공기업/지방출자출연기관),수세식,,N,,N,N,,,2022-12-31,I,2026-05-15 18:43:46,2022-12-31 11:48:44
3830000,202238300000101924,공중화장실,법제3조제5호,쌍개울 공중화장실,경기도 안양시 동안구 경수대로883번길 13,경기도 안양시 동안구 비산동 593,1,2,1,0,0,0,2,1,0,안양시 생태하천과,03180452187,상시,,200501,공공기관-지방자치단체,수세식,Y,Y,남자화장실+여자화장실,Y,N,,,2022-12-31,I,2026-05-15 18:43:46,2023-12-28 11:18:31
3830000,202238300000101926,공중화장실,,안양1동 행정복지센터 공중화장실,경기도 안양시 만안구 장내로 170,경기도 안양시 만안구 안양동 1383,2,4,1,1,0,0,4,1,0,안양1동 행정복지센터,03180453600,,09:00~21:00,,공공기관-지방자치단체,수세식,,N,,N,N,,,2022-12-31,I,2026-05-15 18:43:46,2022-12-31 11:48:44
3830000,202238300000101927,공중화장실,,안양2동 행정복지센터 공중화장실,경기도 안양시 만안구 안양로384번길 50,경기도 안양시 만안구 안양동 842-2,2,3,1,0,0,0,3,0,0,안양2동 행정복지센터,03180453610,,08:00-22:00,,공공기관-지방자치단체,수세식,,N,,Y,N,,,2022-12-31,I,2026-05-15 18:43:46,2022-12-31 11:48:44
3830000,202238300000101928,공중화장실,,안양3동 행정복지센터 공중화장실,경기도 안양시 만안구 양화로 28,경기도 안양시 만안구안양동 1195-33,10,10,1,1,0,0,10,0,0,안양3동 행정복지센터,03180453620,,09:00-18:00,,공공기관-지방자치단체,수세식,,N,,N,N,,,2022-12-31,I,2026-05-15 18:43:46,2022-12-31 11:48:44
3830000,202238300000101930,공중화장실,법제3조제17호-영제3조제2항제1호,안양4동행정복지센터공중화장실,경기도 안양시 만안구 냉천로193번길 34,경기도 안양시 만안구 안양동711-399,2,4,1,0,0,0,2,1,0,안양4동 행정복지센터,03180453630,정시,09:00~18:00,199507,공공기관-지방자치단체,수세식,Y,N,,Y,Y,여자화장실,,2022-12-31,I,2026-05-15 18:43:46,2023-12-28 17:53:57
3830000,202238300000101931,공중화장실,,안양5동 행정복지센터공중화장실,경기도 안양시 만안구 냉천로157번길 18,경기도 안양시 만안구 안양동 707-103,1,0,1,1,0,0,0,0,0,안양5동 행정복지센터,03180453640,,09:00~20:00,,공공기관-지방자치단체,수세식,,N,,N,Y,여자화장실,,2022-12-31,I,2026-05-15 18:43:46,2023-09-19 16:25:37
3830000,202238300000101932,공중화장실,,안양6동 행정복지센터 공중화장실,경기도 안양시 만안구 안양로170번길 23,경기도 안양시 만안구 안양동 437-4,4,3,0,0,0,0,4,1,0,안양6동 행정복지센터,03180453650,,09:00~18:00,,공공기관-지방자치단체,수세식,,N,,N,Y,여자화장실,,2022-12-31,I,2026-05-15 18:43:46,2022-12-31 11:48:45
3830000,202238300000101933,공중화장실,,안양7동 복지회관(2층),"경기도 안양시 만안구 덕천로 94-9 (안양동, 안양7동복지회관)",경기도 안양시 만안구 안양동 194-55,1,1,0,0,0,0,1,0,0,안양7동 행정복지센터,03180453660,,09:00~18:00,,공공기관-지방자치단체,수세식,,N,,N,N,,,2022-12-31,I,2026-05-15 18:43:46,2022-12-31 11:48:45
3830000,202238300000101934,공중화장실,,안양7동 행정복지센터 공중화장실,경기도 안양시 만안구 덕천로 115,경기도 안양시 만안구 안양동 1397,4,8,1,0,0,0,13,1,0,안양7동 행정복지센터,03180453660,,09:00~18:00,,공공기관-지방자치단체,수세식,,N,,N,N,,,2022-12-31,I,2026-05-15 18:43:46,2022-12-31 11:48:45
3830000,202238300000101935,공중화장실,,안양8동 행정복지센터 공중화장실,경기도 안양시 만안구  안양로111번길 17,경기도 안양시 만안구 안양동 572-1,5,4,2,5,0,0,14,2,0,안양8동 행정복지센터,03180453673,,09:00~18:00,,공공기관-지방자치단체,수세식,,Y,장애인화장실,N,Y,남자화장실+여자화장실,,2022-12-31,I,2026-05-15 18:43:46,2022-12-31 11:48:45
3830000,202238300000101936,공중화장실,,안양9동 행정복지센터 화장실,경기도 안양시 만안구 병목안로142번길 12-9,경기도 안양시 만안구 안양동 995-27,3,4,1,0,0,0,5,1,0,안양9동 행정복지센터,03180453680,,08:30~18:00,,공공기관-지방자치단체,수세식,,N,,N,N,,,2022-12-31,I,2026-05-15 18:43:46,2022-12-31 11:48:45
3830000,202238300000101938,개방화장실,,안양건설타워빌딩 개방화장실,경기도 안양시 동안구 시민대로 187(비산동),,3,2,1,0,0,0,3,1,0,안양건설타워빌딩,0313859040,,00:00~24:00,,공공기관-지방공공기관(지방공기업/지방출자출연기관),수세식,,N,,Y,N,,,2022-12-31,I,2026-05-15 18:43:46,2022-12-31 11:48:45
3830000,202238300000101939,공중화장실,,안양과천교육지원청,경기도 안양시 동안구 관평로 210,,3,7,0,0,0,0,5,0,0,안양과천교육지원청,0313807056,,09:00~18:00,,공공기관-국가,수세식,,N,,N,N,,,2022-12-31,I,2026-05-15 18:43:46,2022-12-31 11:48:45
3830000,202238300000101940,공중화장실,,안양교도소 운동장 화장실,경기도 안양시 동안구 경수대로 504,경기도 안양시 동안구 호계동 764-5,2,4,1,0,0,0,4,0,0,안양교도소,0314584614,,00:00~24:00,,공공기관-국가,수세식,,N,,N,N,,,2022-12-31,I,2026-05-15 18:43:46,2022-12-31 11:48:45
3830000,202238300000101942,공중화장실,,안양노동복지회관,"경기도 안양시 만안구 안양로 3(안양동, 안양노동복지회관)",,4,6,0,0,0,0,4,0,0,안양노동복지회관,0262770000,,00:00~00:00,,공공기관-국가공공기관,수세식,,N,,N,N,,,2022-12-31,I,2026-05-15 18:43:46,2022-12-31 11:48:45
3830000,202238300000101943,공중화장실,법제3조제5호,안양대교 옆 공중화장실,,경기도 안양시 만안구 안양동 864-4,1,2,0,0,0,0,2,0,0,안양시 생태하천과,03180452187,상시,,201611,공공기관-지방자치단체,수세식,Y,Y,여자화장실,Y,N,,,2022-12-31,I,2026-05-15 18:43:46,2023-12-28 11:18:00
3830000,202238300000101944,공중화장실,,안양동안경찰서,경기도 안양시 동안구 동안로159번길 43,,15,22,3,2,0,0,11,3,0,안양동안경찰서,0314787336,,09:00~18:00,,공공기관-국가,수세식,,N,,N,N,,,2022-12-31,I,2026-05-15 18:43:46,2022-12-31 11:48:45
3830000,202238300000101947,개방화장실,,안양법조타운 개방화장실,경기도 안양시 동안구 부림로 156(관양동),,1,2,1,1,0,0,1,1,0,안양법조타운,0314227014,,06:00~22:30,,공공기관-지방공공기관(지방공기업/지방출자출연기관),수세식,,N,,Y,N,,,2022-12-31,I,2026-05-15 18:43:46,2022-12-31 11:48:45
3830000,202238300000101949,개방화장실,,안양사 개방화장실,경기도 안양시 만안구 예술공원로131번길 103,경기도 안양시 만안구 석수동 산28,2,2,0,0,0,0,4,0,0,안양사,0314714193,,00:00~24:00,,공공기관-지방공공기관(지방공기업/지방출자출연기관),수세식,,N,,N,N,,,2022-12-31,I,2026-05-15 18:43:46,2022-12-31 11:48:45
3830000,202238300000101954,공중화장실,,안양세무서 공중화장실,경기도 안양시 만안구 냉천로 83,경기도 안양시 만안구 안양동 582-4,6,12,1,1,0,0,9,1,0,체납징세과 운영지원팀,0314671200,,09:00~18:00,200704,공공기관-국가,수세식,,Y,장애인화장실,N,N,,,2022-12-31,I,2026-05-15 18:43:46,2023-06-19 17:38:51
3830000,202238300000101955,공중화장실,,안양소방서,경기도 안양시 동안구 관평로212번길 32,,11,13,0,0,0,0,11,0,0,안양소방서,0314700114,,00:00~00:00,,공공기관-국가공공기관,수세식,,N,,N,N,,,2022-12-31,I,2026-05-15 18:43:46,2022-12-31 11:48:45
3830000,202238300000101956,공중화장실,,안양시 선거관리위원회,"경기도 안양시 동안구 경수대로 932(비산동, 안양동안만안구구선거관리위원회합동청)",,6,9,0,0,2,0,0,0,0,선거관리위원회,0314419293,,09:00~18:00,,공공기관-국가,수세식,,N,,N,N,,,2022-12-31,I,2026-05-15 18:43:46,2022-12-31 11:48:45
3830000,202238300000101958,공중화장실,,안양시보훈회관,경기도 안양시 동안구 동안로 149,,6,10,1,0,0,0,6,0,0,국가보훈처,0313829953,,09:00~18:00,,공공기관-국가,수세식,,Y,장애인화장실,Y,N,,,2022-12-31,I,2026-05-15 18:43:46,2022-12-31 11:48:45
3830000,202238300000101960,공중화장실,,안양시의회 공중화장실,"경기도 안양시 동안구 시민대로 233 (관양동, 안양시의회)",경기도 안양시 동안구 관양동 1590,12,15,1,0,0,0,10,1,0,안양시 의회사무국,03180452523,,06:30~22:00,,공공기관-지방자치단체,수세식,,N,,Y,Y,남자화장실+여자화장실,,2022-12-31,I,2026-05-15 18:43:46,2022-12-31 11:48:45
3830000,202238300000101961,공중화장실,,안양시청 공중화장실,경기도 안양시 동안구 시민대로 235,경기도 안양시 동안구 관양동 1590,59,70,4,0,1,1,60,4,1,안양시 회계과,03180452114,,00:00~24:00,,공공기관-지방자치단체,수세식,,Y,남자화장실+여자화장실,Y,Y,남자화장실+여자화장실,,2022-12-31,I,2026-05-15 18:43:46,2022-12-31 11:48:45
3830000,202238300000101962,공중화장실,,안양아트센터,경기도 안양시 만안구 문예로36번길 16,,20,27,1,1,0,0,53,1,0,안양문화예술재단,0316870508,,08:00~22:00,,공공기관-국가공공기관,수세식,,Y,장애인화장실,Y,Y,여자화장실,,2022-12-31,I,2026-05-15 18:43:46,2023-01-03 16:38:49
3830000,202238300000101963,공중화장실,,안양역(1호선) 공중화장실(안양역사 2층),경기도 안양시 만안구 만안로 232,경기도 안양시 만안구 안양동 88-1,20,30,1,0,0,0,30,1,0,안양역,0314439689,,00:00~24:00,,공공기관-국가공공기관,수세식,,N,,N,N,,,2022-12-31,I,2026-05-15 18:43:46,2022-12-31 11:48:45
3830000,202238300000101964,공중화장실,,안양역사 공중화장실(1층),경기도 안양시 만안구 만안로 232,경기도 안양시 만안구 안양동 88-1,2,3,1,0,0,1,3,1,0,안양시 자원순환과,03180452256,,00:00~24:00,,공공기관-지방자치단체,수세식,,Y,남자화장실+여자화장실,Y,Y,여자화장실,,2022-12-31,I,2026-05-15 18:43:46,2022-12-31 11:48:45
3830000,202238300000101965,공중화장실,,안양우체국,경기도 안양시 동안구 평촌대로253번길 25,경기도 안양시 동안구 비산동 1110,13,12,1,1,0,0,9,1,0,안양우체국,0313909788,,09:00~18:00,,공공기관-국가,수세식,,N,,N,N,,,2022-12-31,I,2026-05-15 18:43:46,2022-12-31 11:48:45
3830000,202238300000101973,공중화장실,법제3조제13호,안양종합운동장 빙상장,경기도 안양시 동안구 평촌대로 389,,31,51,3,0,0,0,42,3,0,안양도시공사(종합운동장사업부),0313895294,정시,05:00~24:00,,공공기관-지방공공기관(지방공기업/지방출자출연기관),수세식,N,N,,N,Y,여자화장실,,2022-12-31,I,2026-05-15 18:43:46,2024-02-15 16:06:30
3830000,202238300000101974,공중화장실,법제3조제13호,안양종합운동장 수영장,경기도 안양시 동안구 평촌대로 389,,8,11,0,0,0,0,12,0,0,안양도시공사(종합운동장사업부),0313895294,정시,05:00~21:00,,공공기관-지방공공기관(지방공기업/지방출자출연기관),수세식,N,N,,N,N,,,2022-12-31,I,2026-05-15 18:43:46,2024-02-15 15:54:16
3830000,202238300000101975,공중화장실,법제3조제13호,안양종합운동장 인라인경기장,경기도 안양시 동안구 평촌대로 429,,5,6,1,0,0,0,4,1,0,안양도시공사(동안체육사업부),0313895394,상시,,,공공기관-지방공공기관(지방공기업/지방출자출연기관),수세식,N,N,,N,N,,,2022-12-31,I,2026-05-15 18:43:46,2024-02-15 16:11:39
3830000,202238300000101976,공중화장실,법제3조제13호,안양종합운동장 주경기장 입구,경기도 안양시 동안구 평촌대로 389,,25,106,2,9,0,0,95,10,0,안양도시공사(종합운동장사업부),0313895294,정시,05:00~22:00,,공공기관-지방공공기관(지방공기업/지방출자출연기관),수세식,N,N,,N,Y,여자화장실,,2022-12-31,I,2026-05-15 18:43:46,2024-02-15 16:04:57
3830000,202238300000101977,공중화장실,법제3조제13호,안양종합운동장 체육관,경기도 안양시 동안구 평촌대로 389,,20,18,3,2,0,2,22,1,0,안양도시공사(종합운동장사업부),0313895294,정시,05:00~24:00,,공공기관-지방공공기관(지방공기업/지방출자출연기관),수세식,N,N,,N,N,,,2022-12-31,I,2026-05-15 18:43:46,2024-02-15 16:07:59
3830000,202238300000101986,공중화장실,,안양창조산업진흥원,"경기도 안양시 동안구 시민대로248번길 25(관양동, 경기창조산업안양센터)",,26,39,0,0,0,0,38,0,0,창조산업진흥원,03180455199,,00:00~00:00,,공공기관-국가공공기관,수세식,,N,,N,N,,,2022-12-31,I,2026-05-15 18:43:46,2022-12-31 11:48:45
3830000,202238300000101987,공중화장실,법제3조제5호,안양천 수질정화시설 공중화장실,,경기도 안양시 동안구 호계동 166-1,1,1,0,0,0,0,1,0,0,안양시 생태하천과,03180452187,상시,,200801,공공기관-지방자치단체,수세식,Y,Y,여자화장실+남자화장실,Y,N,,,2022-12-31,I,2026-05-15 18:43:46,2023-12-28 11:17:25
3830000,202238300000101988,공중화장실,법제3조제5호,안양천 안양교 옆 공중화장실,,경기도 안양시 만안구 안양동 858,1,1,0,0,0,0,2,0,0,안양시 생태하천과,03180452187,상시,,201708,공공기관-지방자치단체,수세식,Y,Y,남자화장실+여자화장실,Y,N,,,2022-12-31,I,2026-05-15 18:43:46,2023-12-28 11:16:58
3830000,202238300000101989,공중화장실,법제3조제16호-영제3조제1항제2호,안양천생태이야기관 화장실,경기도 안양시 만안구 석수로 320,경기도 안양시 만안구 석수동 583-4,1,2,0,0,0,0,3,0,0,안양시 생태하천과,03180455210,상시,,201208,공공기관-지방자치단체,수세식,Y,N,,Y,N,,,2022-12-31,I,2026-05-15 18:43:46,2023-12-28 11:12:42
3830000,202238300000101990,공중화장실,법제3조제5호,안일교 공중화장실,,경기도 안양시 동안구 비산동 531-166,2,2,1,1,0,0,4,1,0,안양시 생태하천과,03180452187,상시,,200612,공공기관-지방자치단체,수세식,Y,Y,남자화장실+여자화장실,Y,N,,,2022-12-31,I,2026-05-15 18:43:46,2023-12-28 11:11:35
3830000,202238300000101991,공중화장실,법제3조제5호,애향소공원 공중화장실,경기도 안양시 만안구 안양천서로 190,경기도 안양시 만안구 안양동 250,1,2,0,0,0,0,2,0,0,안양시 만안구 교통녹지과,03180453511,상시,,,공공기관-지방자치단체,수세식,Y,Y,여자화장실,Y,N,,,2022-12-31,I,2026-05-15 18:43:46,2023-12-28 17:38:15
3830000,202238300000101994,공중화장실,,어린이도서관 화장실,"경기도 안양시 동안구 동안로 66 (호계동, 안양어린이도서관)",,3,7,1,1,2,4,7,1,3,안양시 동안구도서관,03180456271,,10:00~19:00,,공공기관-지방자치단체,수세식,,N,,N,Y,여자화장실,,2022-12-31,I,2026-05-15 18:43:46,2023-10-05 17:12:31
3830000,202238300000101996,공중화장실,법제3조제5호,연현마을 공중화장실,,경기도 안양시 석수동 461-2,2,3,1,0,0,0,4,1,0,안양시 생태하천과,03180452187,상시,,202009,공공기관-지방자치단체,수세식,Y,Y,남자화장실+여자화장실,Y,N,,,2022-12-31,I,2026-05-15 18:43:46,2023-12-28 11:10:57
3830000,202238300000101998,개방화장실,,염불사(암) 개방화장실,경기도 안양시 만안구 예술공원로245번길 150,,1,2,0,0,0,0,6,0,0,염불사(암),0314712300,,00:00~24:00,,공공기관-지방공공기관(지방공기업/지방출자출연기관),수세식,,N,,N,N,,,2022-12-31,I,2026-05-15 18:43:46,2022-12-31 11:48:45
3830000,202238300000101999,공중화장실,,염불사입구 공중화장실,,경기도 안양시 만안구 석수동 산17,4,1,0,0,0,0,7,0,0,안양시 자원순환과,03180452256,,00:00~24:00,,공공기관-지방자치단체,수거식,,Y,여자화장실,Y,N,,,2022-12-31,I,2026-05-15 18:43:46,2022-12-31 11:48:45
3830000,202238300000102000,공중화장실,,예술공원 수목원 입구 공중화장실,,경기도 안양시 만안구 석수동 산20-2,4,6,0,0,0,0,6,0,0,안양시 공원관리과,03180455285,,00:00~24:00,,공공기관-지방자치단체,수세식,,Y,여자화장실,N,Y,여자화장실,,2022-12-31,I,2026-05-15 18:43:46,2022-12-31 11:48:45
3830000,202238300000102001,공중화장실,,예술공원 주차장 공중화장실,경기도 안양시 만안구 예술공원로 131,경기도 안양시 만안구 석수동 240-18,4,5,1,1,0,0,5,1,0,안양시 공원관리과,03180455285,,00:00~24:00,,공공기관-지방자치단체,수세식,,Y,여자화장실+남자화장실,Y,N,,,2022-12-31,I,2026-05-15 18:43:46,2023-09-15 16:45:01
3830000,202238300000102002,공중화장실,,예술공원 파빌리온 공중화장실,경기도 안양시 만안구 예술공원로 180,경기도 안양시 만안구 안양동 1351,3,4,1,1,0,0,6,1,0,안양문화예술재단,0316870548,,00:00~24:00,,공공기관-국가공공기관,수세식,,N,,N,Y,남자화장실+여자화장실,,2022-12-31,I,2026-05-15 18:43:46,2023-01-03 16:36:42
3830000,202238300000102004,간이화장실,법제3조제5호,옥지압마당(현충탑) 공중화장실,,경기도 안양시 만안구 안양동 산103-174,1,0,0,0,0,0,1,0,0,안양시 만안구 교통녹지과,03180453511,상시,,,공공기관-지방자치단체,수세식,Y,N,,N,N,,,2022-12-31,I,2026-05-15 18:43:46,2024-02-15 14:42:09
3830000,202238300000102005,개방화장실,,올림픽스포츠센터 개방화장실,경기도 안양시 동안구 동안로 120(호계동),,2,4,1,1,0,0,3,1,0,올림픽스포츠센터,0313813140,,06:00~22:30,,공공기관-지방공공기관(지방공기업/지방출자출연기관),수세식,,Y,남자화장실+여자화장실,Y,Y,남자화장실+여자화장실,,2022-12-31,I,2026-05-15 18:43:46,2022-12-31 11:48:45
3830000,202238300000102008,공중화장실,,운곡공원 공중화장실,,경기도 안양시 동안구 비산동 249-6,2,2,1,0,0,0,2,1,0,안양시 공원관리과,03180455015,,00:00~24:00,,공공기관-지방자치단체,수세식,,Y,여자화장실+남자화장실,Y,Y,여자화장실,,2022-12-31,I,2026-05-15 18:43:46,2023-09-15 16:48:02
3830000,202238300000102014,공중화장실,,인덕원역(4호선) 공중화장실,경기도 안양시 동안구 흥안대로 529 지하,,3,5,1,1,0,0,8,1,0,인덕원역,0314227788,,00:00~00:00,,공공기관-국가공공기관,수세식,,Y,여자화장실,Y,Y,남자화장실+여자화장실,,2022-12-31,I,2026-05-15 18:43:46,2022-12-31 11:48:45
3830000,202238300000102016,간이화장실,법제3조제1호,임곡화장실 (자연학습장),,경기도 안양시 동안구 비산동 산 186-19,1,1,0,0,0,0,2,0,0,안양시 동안구 교통녹지과,03180454512,상시,,,공공기관-지방자치단체,수세식,N,Y,여자화장실,N,N,,,2022-12-31,I,2026-05-15 18:43:46,2024-02-15 14:44:14
3830000,202238300000102017,공중화장실,,자유공원 론볼링장 옆 공중화장실,경기도 안양시 동안구 평촌대로 76,경기도 안양시 동안구 호계동 1112,2,4,1,0,0,0,3,1,0,안양시 공원관리과,03180455015,,00:00~24:00,,공공기관-지방자치단체,수세식,,Y,여자화장실,Y,N,,,2022-12-31,I,2026-05-15 18:43:46,2022-12-31 11:48:45
3830000,202238300000102018,공중화장실,,자유공원 옥지압장 옆 공중화장실,경기도 안양시 동안구 평촌대로 76,경기도 안양시 동안구 호계동 1112,3,5,0,0,0,0,4,0,0,안양시 공원관리과,03180455015,,00:00~24:00,,공공기관-지방자치단체,수세식,,Y,여자화장실,Y,N,,,2022-12-31,I,2026-05-15 18:43:46,2022-12-31 11:48:45
3830000,202238300000102019,공중화장실,,자유공원 축구장 옆 공중화장실,경기도 안양시 동안구 평촌대로 76,경기도 안양시 동안구 호계동 1112,2,4,1,0,0,0,6,1,0,안양시 공원관리과,03180455015,,00:00~24:00,,공공기관-지방자치단체,수세식,,Y,여자화장실,Y,Y,여자화장실,,2022-12-31,I,2026-05-15 18:43:46,2022-12-31 11:48:45
3830000,202238300000102020,공중화장실,,자유공원 테니스장 옆 공중화장실,경기도 안양시 동안구 평촌대로 76,경기도 안양시 동안구 호계동 1112,2,1,1,0,0,0,3,1,0,안양시 공원관리과,03180455015,,00:00~24:00,,공공기관-지방자치단체,수세식,,Y,여자화장실,Y,N,,,2022-12-31,I,2026-05-15 18:43:46,2022-12-31 11:48:45
3830000,202238300000102023,공중화장실,,중앙공원 관리사무실 공중화장실,경기도 안양시 동안구 관평로 149,경기도 안양시 동안구 평촌동 895,3,3,1,0,0,0,3,0,0,안양시 공원관리과,03180455015,,00:00~24:00,,공공기관-지방자치단체,수세식,,Y,여자화장실,Y,N,,,2022-12-31,I,2026-05-15 18:43:46,2022-12-31 11:48:45
3830000,202238300000102024,공중화장실,,중앙공원 매점 앞 공중화장실,경기도 안양시 동안구 관평로 149,경기도 안양시 동안구 평촌동 895,4,9,1,0,0,0,10,1,0,안양시 공원관리과,03180455015,,00:00~24:00,,공공기관-지방자치단체,수세식,,Y,여자화장실,Y,Y,여자화장실,,2022-12-31,I,2026-05-15 18:43:46,2022-12-31 11:48:45
3830000,202238300000102025,공중화장실,,중앙공원 주차장 옆 공중화장실,경기도 안양시 동안구 관평로 149,경기도 안양시 동안구 평촌동 895,4,5,0,0,0,0,3,1,0,안양시 공원관리과,03180455015,,00:00~24:00,,공공기관-지방자치단체,수세식,,Y,여자화장실,Y,Y,여자화장실,,2022-12-31,I,2026-05-15 18:43:46,2022-12-31 11:48:45
3830000,202238300000102026,개방화장실,법제3조제6호,중앙시장 곱창골목 개방화장실,경기도 안양시 만안구 장내로119번길 6 (안양동),경기도 안양시 만안구 안양동 676-230,2,3,0,0,0,0,4,0,0,중앙시장 상인회,0314479961,상시,,,공공기관-지방공공기관(지방공기업/지방출자출연기관),수세식,N,Y,여자화장실,N,N,,,2022-12-31,I,2026-05-15 18:43:46,2024-07-11 16:41:16
3830000,202238300000102027,공중화장실,,중앙시장 내 공중화장실,경기도 안양시 만안구 안양로291번길 34,경기도 안양시 만안구 안양동 676-45,3,4,1,1,0,0,3,0,0,안양시 자원순환과,03180452256,,00:00~24:00,,공공기관-지방자치단체,수세식,,N,,N,Y,여자화장실,,2022-12-31,I,2026-05-15 18:43:46,2022-12-31 11:48:45
3830000,202238300000102028,개방화장실,,중앙시장 번영회 개방화장실,경기도 안양시 만안구 냉천로 196(안양동),,3,4,0,0,0,0,4,0,0,중앙시장 번영회,0314496047,,05:00~19:00,,공공기관-지방공공기관(지방공기업/지방출자출연기관),수세식,,N,,N,N,,,2022-12-31,I,2026-05-15 18:43:46,2022-12-31 11:48:45
3830000,202238300000102029,개방화장실,,중앙시장 상인회관 개방화장실,경기도 안양시 만안구 냉천로185번길 8(안양동),,1,2,1,1,0,0,2,1,0,중앙시장 상인회,0314479961,,00:00~24:00,,공공기관-지방공공기관(지방공기업/지방출자출연기관),수세식,,Y,여자화장실,Y,Y,여자화장실,,2022-12-31,I,2026-05-15 18:43:46,2022-12-31 11:48:45
3830000,202238300000102031,공중화장실,,지방노동청 안양지청(1~4층),"경기도 안양시 만안구 전파로44번길 73(안양동, 중부지방고용노동청 안양지청)",경기도 안양시 만안구 안양동 199-35,8,8,1,2,0,0,8,1,0,중부지방고용노동청 안양지청,0314637303,,09:00~18:00,,공공기관-국가,수세식,,N,,N,N,,,2022-12-31,I,2026-05-15 18:43:46,2022-12-31 11:48:45
3830000,202238300000102036,개방화장실,,청구랜드 개방화장실,경기도 안양시 동안구 평촌대로223번길 43,,1,1,0,0,0,0,1,0,0,청구랜드,,,00:00~24:00,,공공기관-지방공공기관(지방공기업/지방출자출연기관),수세식,,N,,Y,N,,,2022-12-31,I,2026-05-15 18:43:46,2022-12-31 11:48:45
3830000,202238300000102038,공중화장실,,초원어린이공원 공중화장실,,경기도 안양시 동안구 평촌동 896-3,2,2,1,0,0,0,2,1,1,안양시 공원관리과,03180455021,,00:00~24:00,,공공기관-지방자치단체,수세식,,Y,여자화장실,Y,Y,여자화장실,,2022-12-31,I,2026-05-15 18:43:46,2022-12-31 11:48:45
3830000,202238300000102039,공중화장실,법제3조제5호,최경환성지 앞 공중화장실,,경기도 안양시 만안구 안양동 산 177,1,2,0,0,0,0,2,0,0,안양시 만안구 교통녹지과,03180453511,상시,,,공공기관-지방자치단체,수세식,Y,N,,N,N,,,2022-12-31,I,2026-05-15 18:43:46,2023-12-28 17:36:48
3830000,202238300000102041,공중화장실,법제3조제5호,충훈2교하류 제방 공중화장실,경기도 안양시 만안구 석수로 159,경기도 안양시 만안구 석수동 797,1,1,0,0,0,0,2,0,0,안양시 생태하천과,03180452187,상시,,200401,공공기관-지방자치단체,수세식,Y,Y,여자화장실,Y,N,,,2022-12-31,I,2026-05-15 18:43:46,2023-12-28 11:03:57
3830000,202238300000102042,공중화장실,,충훈공원 공중화장실,,경기도 안양시 만안구 석수동 626-4,2,3,1,0,0,0,7,1,0,안양시 공원관리과,03180455285,,00:00~24:00,,공공기관-지방자치단체,수세식,,Y,여자화장실,Y,Y,여자화장실,,2022-12-31,I,2026-05-15 18:43:46,2022-12-31 11:48:45
3830000,202238300000102043,개방화장실,,칼라힐주차빌딩 개방화장실,경기도 안양시 동안구 시민대로 312(평촌동),,5,5,1,0,0,0,3,0,0,칼라힐주차빌딩,0314267814,,00:00~24:00,,공공기관-지방공공기관(지방공기업/지방출자출연기관),수세식,,N,,Y,N,,,2022-12-31,I,2026-05-15 18:43:46,2022-12-31 11:48:45
3830000,202238300000102044,공중화장실,법제3조제16호-영제3조제1항제1호,평안동 행정복지센터 화장실,경기도 안양시 동안구 관평로138번길 39,,3,6,1,0,0,0,4,1,0,평안동 행정복지센터,03180454690,정시,09:00~18:00,199209,공공기관-지방자치단체,수세식,Y,N,,N,N,,,2022-12-31,I,2026-05-15 18:43:46,2023-12-28 16:12:21
3830000,202238300000102045,공중화장실,,평안어린이공원 공중화장실,,경기도 안양시 동안구 평촌동 899-6,2,2,1,0,0,0,3,1,0,안양시 공원관리과,03180455021,,00:00~24:00,,공공기관-지방자치단체,수세식,,Y,여자화장실,Y,Y,여자화장실,,2022-12-31,I,2026-05-15 18:43:46,2022-12-31 11:48:45
3830000,202238300000102046,공중화장실,법제3조제5호,평촌경영고 앞 공중화장실,경기도 안양시 동안구 학의로 191,경기도 안양시 동안구 관양동 1609,1,2,0,0,0,0,2,0,0,안양시 생태하천과,03180452187,상시,,200612,공공기관-지방자치단체,수세식,Y,Y,여자화장실,Y,N,,,2022-12-31,I,2026-05-15 18:43:46,2023-12-28 10:57:57
3830000,202238300000102047,공중화장실,,평촌공원 공중화장실,경기도 안양시 동안구 평촌대로 256,경기도 안양시 동안구 관양동 1589-2,3,4,0,0,0,0,3,1,0,안양시 공원관리과,03180455015,,00:00~24:00,,공공기관-지방자치단체,수세식,,Y,여자화장실,Y,N,,,2022-12-31,I,2026-05-15 18:43:46,2022-12-31 11:48:45
3830000,202238300000102048,공중화장실,,평촌공원 사무실 공중화장실,경기도 안양시 동안구 평촌대로 256,경기도 안양시 동안구 관양동 1589-2,0,0,0,0,0,0,2,0,0,안양시 공원관리과,03180455015,,00:00~24:00,,공공기관-지방자치단체,수세식,,Y,여자화장실,Y,N,,,2022-12-31,I,2026-05-15 18:43:46,2022-12-31 11:48:45
3830000,202238300000102050,공중화장실,,평촌도서관 화장실,"경기도 안양시 동안구 관평로 213 (관양동, 안양시립평촌도서관)",,11,13,1,1,1,0,13,1,1,안양시 동안구도서관,03180456215,,09:00~18:00,,공공기관-지방자치단체,수세식,,N,,N,N,,,2022-12-31,I,2026-05-15 18:43:46,2023-10-05 17:12:01
3830000,202238300000102051,공중화장실,,평촌동 행정복지센터 화장실,경기도 안양시 동안구 흥안대로456번길 21,,3,8,0,0,0,0,13,0,0,평촌동 행정복지센터,03180454680,,09:00~18:00,,공공기관-지방자치단체,수세식,,N,,N,N,,,2022-12-31,I,2026-05-15 18:43:46,2022-12-31 11:48:45
3830000,202238300000102055,공중화장실,,평촌아트홀,"경기도 안양시 동안구 평촌대로 76(호계동, 평촌아트홀)",,19,25,3,1,0,2,32,2,0,안양문화예술재단,0316870550,,08:00~22:00,,공공기관-국가공공기관,수세식,,Y,장애인화장실,Y,Y,여자화장실,,2022-12-31,I,2026-05-15 18:43:46,2023-01-03 16:37:46
3830000,202238300000102056,공중화장실,,평촌역(4호선) 공중화장실,경기도 안양시 동안구 부림로 123 지하,,4,5,0,0,0,0,6,0,0,평촌역,0314227788,,00:00~00:00,,공공기관-국가공공기관,수세식,,N,,N,N,,,2022-12-31,I,2026-05-15 18:43:46,2022-12-31 11:48:46
3830000,202238300000102059,공중화장실,,평촌학생체육관,"경기도 안양시 동안구 흥안대로223번길 38(호계동, 평촌학생체육관)",,1,4,1,1,0,0,3,1,0,안양과천교육지원청,0314529072,,09:00~18:00,,공공기관-국가공공기관,수세식,,N,,N,N,,,2022-12-31,I,2026-05-15 18:43:46,2022-12-31 11:48:46
3830000,202238300000102060,개방화장실,,평촌훼미리타운 개방화장실,경기도 안양시 동안구 관평로170번길 43(평촌동),,4,3,0,0,0,0,4,1,0,평촌훼미리타운,0313814451,,00:00~24:00,,공공기관-지방공공기관(지방공기업/지방출자출연기관),수세식,,N,,Y,N,,,2022-12-31,I,2026-05-15 18:43:46,2022-12-31 11:48:46
3830000,202238300000102061,공중화장실,,평화공원 공중화장실,,경기도 안양시 동안구 비산동 1104-2,2,3,1,0,0,0,5,1,0,안양시 공원관리과,03180455015,,00:00~24:00,,공공기관-지방자치단체,수세식,,Y,여자화장실+남자화장실,Y,Y,여자화장실,,2022-12-31,I,2026-05-15 18:43:46,2023-09-15 16:43:23
3830000,202238300000102063,공중화장실,,푸르미어린이공원 공중화장실,,경기도 안양시 만안구  안양동 1419,1,2,1,1,0,0,3,1,0,안양시 공원관리과,03180455286,,00:00~24:00,,공공기관-지방자치단체,수세식,,Y,여자화장실,Y,Y,남자화장실+여자화장실,,2022-12-31,I,2026-05-15 18:43:46,2022-12-31 11:48:46
3830000,202238300000102064,공중화장실,,학운공원 공중화장실(1),,경기도 안양시 동안구 비산동 1100,2,3,1,0,0,0,4,1,0,안양시 공원관리과,03180455015,,00:00~24:00,,공공기관-지방자치단체,수세식,,Y,여자화장실,Y,Y,여자화장실,,2022-12-31,I,2026-05-15 18:43:46,2022-12-31 11:48:46
3830000,202238300000102065,공중화장실,,학운공원 공중화장실(2),,경기도 안양시 동안구 비산동 1099,1,2,1,0,0,0,3,1,0,안양시 공원관리과,03180455015,,00:00~24:00,,공공기관-지방자치단체,수세식,,Y,여자화장실,Y,Y,여자화장실,,2022-12-31,I,2026-05-15 18:43:46,2022-12-31 11:48:46
3830000,202238300000102066,공중화장실,법제3조제5호,학의천 수질정화시설 공중화장실,,경기도 안양시 동안구 관양동 1307-173,1,1,0,0,0,0,2,0,0,안양시 생태하천과,03180452187,상시,,200901,공공기관-지방자치단체,수세식,Y,Y,여자화장실,Y,N,,,2022-12-31,I,2026-05-15 18:43:46,2023-12-28 10:50:44
3830000,202238300000102068,공중화장실,,한국전력공사 안양지사,"경기도 안양시 동안구 귀인로 59(호계동, 한국전력공사)",경기도 안양시 동안구 호계동 921,9,10,0,0,0,0,9,0,0,한국전력공사 안양지사,,,09:00~18:00,,공공기관-국가공공기관,수세식,,N,,N,N,,,2022-12-31,I,2026-05-15 18:43:46,2022-12-31 11:48:46
3830000,202238300000102077,공중화장실,,해오름공원 공중화장실,경기도 안양시 동안구 동편로13번길 57,경기도 안양시 동안구 관양동 1668,4,4,1,0,0,0,8,1,0,안양시 공원관리과,03180455015,,00:00~24:00,,공공기관-지방자치단체,수세식,,Y,여자화장실+남자화장실,Y,N,,,2022-12-31,I,2026-05-15 18:43:46,2023-09-15 16:42:57
3830000,202238300000102081,개방화장실,,협심빌딩 개방화장실,경기도 안양시 만안구 안양로 339(안양동),,3,3,0,0,0,0,2,0,0,협심새마을금고,0314494093,,09:00~20:00,,공공기관-지방공공기관(지방공기업/지방출자출연기관),수세식,,N,,N,N,,,2022-12-31,I,2026-05-15 18:43:46,2022-12-31 11:48:46
3830000,202238300000102082,공중화장실,법제3조제16호-영제3조제1항제1호,호계1동 행정복지센터 화장실,경기도 안양시 동안구 경수대로 538,경기도 안양시 동안구 호계동 1003-7,1,2,1,1,0,0,3,1,0,호계1동 행정복지센터,03180454710,정시,09:00~18:00,199504,공공기관-지방자치단체,수세식,Y,Y,남자화장실,Y,Y,남자화장실,,2022-12-31,I,2026-05-15 18:43:46,2023-12-28 15:39:45
3830000,202238300000102083,공중화장실,,호계2동 행정복지센터 화장실,"경기도 안양시 동안구 시민대로110번길 6, 2층",경기도 안양시 동안구 호계동 907-11,2,2,0,0,0,0,2,0,0,호계2동 행정복지센터,03180454720,,09:00~18:00,,공공기관-지방자치단체,수세식,,N,,Y,N,,,2022-12-31,I,2026-05-15 18:43:46,2022-12-31 11:48:46
3830000,202238300000102084,공중화장실,법제3조제16호-영제3조제1항제1호,호계3동 행정복지센터 화장실,경기도 안양시 동안구 경수대로 504,경기도 안양시 동안구 호계동 764-5,10,8,3,3,0,0,18,3,0,호계3동 행정복지센터,03180454730,정시,08:00~20:00,200203,공공기관-지방자치단체,수세식,Y,N,,N,Y,남자화장실+여자화장실,,2022-12-31,I,2026-05-15 18:43:46,2023-12-28 15:41:17
3830000,202238300000102085,공중화장실,,호계공원 게이트볼장 공중화장실,경기도 안양시 동안구 경수대로665번길 74-30,경기도 안양시 동안구 호계동 314-3,2,3,1,0,0,0,2,1,0,안양시 공원관리과,03180455015,,00:00~24:00,,공공기관-지방자치단체,수세식,,Y,여자화장실,Y,N,,,2022-12-31,I,2026-05-15 18:43:46,2022-12-31 11:48:46
3830000,202238300000102086,공중화장실,,호계공원 매봉광장 옆 공중화장실,경기도 안양시 동안구 귀인로80번길 128,경기도 안양시 동안구 호계동 335-112,3,5,1,0,0,0,4,1,0,안양시 공원관리과,03180455015,,00:00~24:00,,공공기관-지방자치단체,수세식,,Y,여자화장실,Y,N,,,2022-12-31,I,2026-05-15 18:43:46,2022-12-31 11:48:46
3830000,202238300000102087,공중화장실,,호계공원 배드민턴장 공중화장실,경기도 안양시 동안구 엘에스로144번길 86,경기도 안양시 동안구 호계동 172-7,2,4,0,0,0,0,2,0,0,안양시 공원관리과,03180455015,,00:00~24:00,,공공기관-지방자치단체,수세식,,Y,여자화장실,Y,N,,,2022-12-31,I,2026-05-15 18:43:46,2022-12-31 11:48:46
3830000,202238300000102088,공중화장실,,호계공원 테니스장 공중화장실,경기도 안양시 동안구 귀인로80번길 128,경기도 안양시 동안구 호계동 335-112,2,4,0,0,0,0,3,0,0,안양시 공원관리과,03180455015,,00:00~24:00,,공공기관-지방자치단체,수세식,,Y,여자화장실,Y,N,,,2022-12-31,I,2026-05-15 18:43:46,2022-12-31 11:48:46
3830000,202238300000102089,공중화장실,,호계도서관 화장실,"경기도 안양시 동안구 경수대로685번길 26 (호계동, 안양시립호계도서관)",,8,10,1,0,0,0,10,0,0,안양시 동안구도서관,03180456253,,09:00~18:00,,공공기관-지방자치단체,수세식,,N,,N,N,,,2022-12-31,I,2026-05-15 18:43:46,2023-10-05 17:02:54
3830000,202238300000102092,공중화장실,법제3조제5호,호금교 공중화장실,,경기도 안양시 동안구 호계동 1035,2,2,1,1,0,0,4,1,0,안양시 생태하천과,03180452187,상시,,201001,공공기관-지방자치단체,수세식,Y,Y,남자화장실+여자화장실,Y,N,,,2022-12-31,I,2026-05-15 18:43:46,2023-12-28 10:49:56
3830000,202238300000102093,공중화장실,,호암공원 화장실,,경기도 안양시 만안구  석수동 497-5,2,3,1,0,0,0,3,1,0,안양시 공원관리과,03180455285,,00:00~24:00,,공공기관-지방자치단체,수세식,,Y,남자화장실+여자화장실,Y,N,,,2022-12-31,I,2026-05-15 18:43:46,2022-12-31 11:48:46
3830000,202238300000102098,공중화장실,법제3조제17호-영제3조제2항제1호,흥국화재 안양사옥,경기도 안양시 동안구 시민대로 194(호계동),,20,30,0,0,0,0,20,0,0,흥국화재 안양사옥,0313812763,상시,,,공공기관-지방공공기관(지방공기업/지방출자출연기관),수세식,N,N,,N,N,,,2022-12-31,I,2026-05-15 18:43:46,2024-02-15 19:26:01
3830000,202238300000102099,공중화장실,,희성어린이공원화장실,,경기도 안양시 달안동 1101-3,2,2,1,0,0,0,2,1,0,안양시 공원관리과,03180455021,,00:00~24:00,,공공기관-지방자치단체,수세식,,Y,여자화장실,Y,N,,,2022-12-31,I,2026-05-15 18:43:46,2022-12-31 11:48:46
3830000,202238300000102102,공중화장실,,안양4동노외,만안구 냉천로 203번길 15(중앙시장 5문 입구),만안구 안양동 711-23,2,2,0,0,0,0,2,0,0,안양도시공사(주차사업부),0313895326,,00:00~00:00,,공공기관-지방자치단체,수세식,,N,,N,N,,,2022-12-31,I,2026-05-15 18:43:46,2022-12-31 11:48:46
3830000,202238300000102103,공중화장실,,삼덕공원지하,만안구 안양로 317,만안구 안양동 782-24번지 지하,1,2,1,1,0,0,3,1,0,안양도시공사(주차사업부),0313895326,,00:00~00:00,,공공기관-지방자치단체,수세식,,Y,여자화장실,Y,N,,,2022-12-31,I,2026-05-15 18:43:46,2022-12-31 11:48:46
3830000,202238300000102104,공중화장실,,안양7동공영,만안구 안양동 212-8,만안구 안양동 212-8,2,1,1,1,0,0,2,1,0,안양도시공사(주차사업부),0313895326,,00:00~00:00,,공공기관-지방자치단체,수세식,,Y,여자화장실,Y,N,,,2022-12-31,I,2026-05-15 18:43:46,2022-12-31 11:48:46
3830000,202238300000102105,공중화장실,,관양1동노외,동안구 관평로358번길 30,동안구 관양동 1407-12,2,0,1,1,0,0,3,1,0,안양도시공사(주차사업부),0313895326,,00:00~00:00,,공공기관-지방자치단체,수세식,,Y,여자화장실,Y,N,,,2022-12-31,I,2026-05-15 18:43:46,2022-12-31 11:48:46
3830000,202238300000102106,공중화장실,,동편마을지하,동안구 관양동 1709 동편마을 단지 내,동안구 관양동 1709 동편마을 단지 내,1,0,1,1,0,0,2,1,0,안양도시공사(주차사업부),0313895326,,00:00~00:00,,공공기관-지방자치단체,수세식,,N,,Y,N,,,2022-12-31,I,2026-05-15 18:43:46,2022-12-31 11:48:46
3830000,202238300000102107,공중화장실,,인덕원환승,동안구 안양판교로 23(인덕원역 인근),동안구 관양동 157,3,2,0,0,0,0,3,0,0,안양도시공사(주차사업부),0313895326,,00:00~00:00,,공공기관-지방자치단체,수세식,,N,,N,N,,,2022-12-31,I,2026-05-15 18:43:46,2022-12-31 11:48:46
3830000,202238300000102108,공중화장실,,관양2동노외,동안구 흥안대로507번길 23(주은혜교회 뒤),동안구 관양동 1497,1,0,1,1,0,0,1,1,0,안양도시공사(주차사업부),0313895326,,00:00~00:00,,공공기관-지방자치단체,수세식,,N,,Y,N,,,2022-12-31,I,2026-05-15 18:43:46,2022-12-31 11:48:46
3830000,202238300000102109,공중화장실,법제3조제6호,평촌지하,경기도 안양시 동안구 시민대로 지하 238,동안구 관양동 1591-5,10,15,1,2,0,0,12,1,0,안양도시공사(주차사업부),0313895326,상시,,,공공기관-지방자치단체,수세식,N,Y,여자화장실,Y,N,,,2022-12-31,I,2026-05-15 18:43:46,2024-02-15 14:51:40
3830000,202238300000102110,공중화장실,법제3조제6호,느루소공원공영,동안구 호계동 954-4 호계1동소공원 지하,동안구 호계동 954-4 호계1동소공원 지하,1,0,1,1,0,0,2,1,0,안양도시공사(주차사업부),0313895326,상시,,,공공기관-지방자치단체,수세식,N,Y,여자화장실,Y,N,,,2022-12-31,I,2026-05-15 18:43:46,2024-02-15 14:49:57
3830000,202238300000102111,공중화장실,법제3조제6호,평촌스마트스퀘어지하,동안구 부림로170번길 20(스마트스퀘어체육공원 내),동안구 관양동 1741,2,2,1,1,0,0,5,1,0,안양도시공사(주차사업부),0313895326,상시,,,공공기관-지방자치단체,수세식,N,Y,여자화장실,Y,Y,여자화장실,,2022-12-31,I,2026-05-15 18:43:46,2024-02-15 14:51:10
3830000,202238300000102112,공중화장실,법제3조제17호-영제3조제2항제1호,11번가주유소 화장실,"경기도 안양시 동안구 시민대로 98, 11번자주유소 (호계동)",경기도 안양시 동안구 호계동 907-3,1,0,0,0,0,0,1,0,0,11번가주유소,0314538876,상시,,,공공기관-지방공공기관(지방공기업/지방출자출연기관),수세식,N,N,,N,N,,,2022-12-31,I,2026-05-15 18:43:46,2024-02-15 19:25:32
3830000,202238300000102113,개방화장실,,103에비뉴 개방화장실,"경기도 안양시 동안구 관악대로 103, 103에비뉴 (비산동)",경기도 안양시 동안구 비산동 550-1 103에비뉴,3,2,1,1,0,0,3,0,0,103에비뉴,0314439995,,00:00~24:00,,공공기관-지방공공기관(지방공기업/지방출자출연기관),수세식,,N,,N,Y,여자화장실,,2022-12-31,I,2026-05-15 18:43:46,2022-12-31 11:59:21
3830000,202338300000100001,공중화장실,법제3조제5호,임곡공원 공중화장실,,경기도 안양시 동안구 비산동 산 167,1,1,1,0,0,0,1,1,0,안양시 공원관리과,03180455015,상시,,202212,공공기관-지방자치단체,수세식,Y,Y,남자화장실+여자화장실,Y,Y,여자화장실,,2022-12-31,I,2026-05-15 18:43:46,2023-12-28 10:26:12
3830000,202338300000100002,개방화장실,,진한빌딩(2층) 개방화장실,"경기도 안양시 동안구 인덕원로24번길 56, 2층 (관양동)",경기도 안양시 동안구 관양동 1496,1,2,0,0,0,0,1,0,0,민간건물,,,24시간,202303,공공기관-지방공공기관(지방공기업/지방출자출연기관),수세식,,N,,N,N,,,2023-03-02,I,2026-05-15 18:43:46,2023-04-13 16:27:30
3830000,202338300000100003,개방화장실,법제3조제17호-영제3조제2항제1호,아이에스비즈타워 개방화장실,"경기도 안양시 만안구 덕천로152번길 25, 안양아이에스BIZ타워센트럴 (안양동)",경기도 안양시 만안구 안양동 1432 안양아이에스BIZ타워센트럴,5,4,1,1,0,0,10,1,0,아이에스비즈타워,0314205003,상시,,202303,공공기관-지방공공기관(지방공기업/지방출자출연기관),수세식,N,N,,N,N,,,2023-03-28,I,2026-05-15 18:43:46,2024-02-15 19:25:14
3830000,202338300000100004,개방화장실,법제3조제17호-영제3조제2항제1호,한솔센트럴파크1차 개방화장실,"경기도 안양시 동안구 평촌대로 217, 한솔센트럴파크 I 1층 (호계동)",경기도 안양시 동안구 호계동 1048-3 한솔센트럴파크 I,2,2,0,0,0,0,2,1,0,한솔센트럴파크1차 관리소,0313888101,상시,,,공공기관-지방공공기관(지방공기업/지방출자출연기관),수세식,N,N,,N,N,,,2023-06-27,I,2026-05-15 18:43:46,2024-02-15 19:25:06
3830000,202338300000100005,공중화장실,,안양만안경찰서,"경기도 안양시 만안구 냉천로 63, 안양만안경찰서 (안양동)",경기도 안양시 만안구 안양동 578-8 안양만안경찰서,3,2,1,1,0,0,6,1,0,안양만안경찰서,,,09:00~18:00,,공공기관-국가공공기관,수세식,,N,,N,Y,여자화장실,,2023-08-03,I,2026-05-15 18:43:46,2023-08-03 10:58:09
3830000,202338300000100006,개방화장실,법제3조제17호-영제3조제2항제1호,제일빌딩,"경기도 안양시 동안구 평촌대로223번길 64, 제일빌딩 (호계동)",경기도 안양시 동안구 호계동 1045-2 제일빌딩,2,3,0,0,0,0,2,0,0,제일빌딩,,상시,,,공공기관-지방공공기관(지방공기업/지방출자출연기관),수세식,N,N,,N,N,,,2023-08-25,I,2026-05-15 18:43:46,2024-02-15 19:24:52
3830000,202338300000100007,개방화장실,법제3조제17호-영제3조제2항제1호,중앙프라자,경기도 안양시 동안구 평촌대로223번길 42 (호계동),경기도 안양시 동안구 호계동 1045-9,2,2,0,0,0,0,2,0,0,중앙프라자,,상시,,,공공기관-지방공공기관(지방공기업/지방출자출연기관),수세식,N,N,,N,N,,,2023-08-25,I,2026-05-15 18:43:46,2024-02-15 19:24:59
3830000,202338300000100008,개방화장실,법제3조제17호-영제3조제2항제1호,현대프라자,"경기도 안양시 동안구 평촌대로223번길 16, 현대프라자 (호계동)",경기도 안양시 동안구 호계동 1044-5 현대프라자,2,3,0,0,0,0,3,0,0,현대프라자,,상시,,,공공기관-지방공공기관(지방공기업/지방출자출연기관),수세식,N,N,,N,N,,,2023-08-25,I,2026-05-15 18:43:46,2024-02-15 19:23:52
3830000,202338300000100009,개방화장실,법제3조제17호-영제3조제2항제1호,에이스프라자,경기도 안양시 동안구 평촌대로223번길 28 (호계동),경기도 안양시 동안구 호계동 1044-1,3,3,0,0,0,0,3,0,0,에이스프라자,,상시,,,공공기관-지방공공기관(지방공기업/지방출자출연기관),수세식,N,N,,N,N,,,2023-08-25,I,2026-05-15 18:43:46,2024-02-15 19:21:36
3830000,202338300000100010,개방화장실,법제3조제17호-영제3조제2항제1호,에이스 하이테크시티 범계,"경기도 안양시 동안구 시민대로109번길 29, 에이스하이테크시티 범계 (호계동)",경기도 안양시 동안구 호계동 900 에이스하이테크시티 범계,2,1,2,2,0,0,3,2,0,에이스하이테크시티,,정시,08:00~20:00,,민간,수세식,N,N,,N,N,,,2023-12-31,I,2026-05-15 18:43:46,2023-12-28 10:25:17
3830000,202338300000100011,공중화장실,법제3조제17호-영제3조제2항제1호,안양4동 복지회관 공중화장실,경기도 안양시 만안구 냉천로193번길 31 (안양동),경기도 안양시 만안구 안양동 711-266,1,1,0,1,0,0,2,0,0,안양4동 행정복지센터,03180453630,정시,09:00~20:00,,공공기관-지방자치단체,수세식,Y,N,,Y,N,,,2023-12-31,I,2026-05-15 18:43:46,2023-12-28 18:00:35
3830000,202438300000100001,공중화장실,법제3조제17호-영제3조제2항제1호,만안청소년수련관,"경기도 안양시 만안구 냉천로31번길 33, 만안청소년수련관 (안양동)",경기도 안양시 만안구 안양동 462-5 만안청소년수련관,18,18,1,0,0,0,43,1,0,만안청소년수련관,0314704700,정시,09:00~22:00,,공공기관-지방자치단체,수세식,N,N,,N,N,,,2023-12-31,I,2026-05-15 18:43:46,2024-02-15 19:21:07
3830000,202438300000100002,공중화장실,법제3조제17호-영제3조제2항제1호,평촌청소년문화의집,경기도 안양시 동안구 흥안대로 394 (평촌동),경기도 안양시 동안구 평촌동 133-8,3,0,1,2,0,0,7,1,0,평촌청소년문화의집,0313607253,정시,09:00~18:00,,공공기관-지방자치단체,수세식,N,Y,남자화장실+여자화장실,Y,Y,여자화장실,,2023-12-31,I,2026-05-15 18:43:46,2024-01-05 14:06:02
3830000,202438300000100003,공중화장실,법제3조제4호,중앙시장 상인회관 공중화장실,경기도 안양시 만안구 냉천로185번길 8 (안양동),경기도 안양시 만안구 안양동 711-280,0,0,1,1,0,0,1,1,0,기업경제과,03180452563,상시,,,민간,수세식,Y,Y,여자화장실,Y,N,,,2024-02-01,I,2026-05-15 18:43:46,2024-02-15 19:20:46
3830000,202438300000100004,공중화장실,법제3조제4호,남부시장 공중화장실,경기도 안양시 만안구 장내로140번길 51 (안양동),경기도 안양시 만안구 안양동 622-378,3,3,1,0,0,0,5,0,0,기업경제과,03180452563,상시,,200803,민간,수세식,Y,Y,여자화장실,Y,Y,여자화장실,,2024-02-01,I,2026-05-15 18:43:46,2024-02-15 19:20:57
3830000,202438300000100005,공중화장실,법제3조제4호,박달시장 공중화장실,경기도 안양시 만안구 양화로 132-3 (박달동),경기도 안양시 만안구 박달동 21-8,3,4,1,0,0,0,5,0,0,기업경제과,03180452563,상시,,200405,민간,수세식,Y,Y,여자화장실,Y,Y,여자화장실,,2024-02-01,I,2026-05-15 18:43:46,2024-02-15 19:20:37
3830000,202438300000100006,공중화장실,법제3조제4호,관양시장 공중화장실,경기도 안양시 동안구 관평로336번길 31 (관양동),경기도 안양시 동안구 관양동 1407-8,3,3,1,0,0,0,4,0,0,기업경제과,03180452563,정시,07:00~20:00,200904,민간,수세식,Y,Y,여자화장실,Y,Y,여자화장실,,2024-02-01,I,2026-05-15 18:43:46,2024-02-15 19:20:18
3830000,202438300000100007,공중화장실,법제3조제6호,석수공영차고지,"경기도 안양시 만안구 일직로 119, 안양시내버스공영차고지 (석수동)",경기도 안양시 만안구 석수동 555-7 안양시내버스공영차고지,16,18,2,0,0,0,18,2,0,안양도시공사(교통지원부),0313895332,상시,,,공공기관-지방공공기관(지방공기업/지방출자출연기관),수세식,N,Y,남자화장실+여자화장실,N,N,,,2024-02-01,I,2026-05-15 18:43:46,2024-02-15 16:13:31
3830000,202438300000100008,공중화장실,법제3조제13호,호계체육관,"경기도 안양시 동안구 귀인로80번길 52, 호계체육관 (호계동)",경기도 안양시 동안구 호계동 177 호계체육관,7,17,3,0,0,0,23,3,0,안양도시공사(동안체육사업부),0313895394,정시,09:00~22:00,,공공기관-지방공공기관(지방공기업/지방출자출연기관),수세식,N,N,,N,N,,,2024-02-01,I,2026-05-15 18:43:46,2024-02-15 16:14:56
3830000,202438300000100009,공중화장실,법제3조제13호,호계복합수영장,"경기도 안양시 동안구 경수대로 504, 호계복합청사 및 호계3동 주민센터 (호계동)",경기도 안양시 동안구 호계동 764-5 호계복합청사 및 호계3동 주민센터,2,2,0,0,0,0,3,0,0,안양도시공사(동안체육사업부),0313895395,정시,09:00~22:00,,공공기관-지방공공기관(지방공기업/지방출자출연기관),수세식,N,N,,N,N,,,2024-02-01,I,2026-05-15 18:43:46,2024-02-15 16:55:51
3830000,202438300000100010,공중화장실,법제3조제13호,비산체육공원화장실,"경기도 안양시 동안구 평촌대로 489-29, 관리동 (비산동)",경기도 안양시 동안구 비산동 20 관리동,3,5,1,0,0,0,8,1,0,안양도시공사(동안체육사업부),0313895396,상시,,,공공기관-지방공공기관(지방공기업/지방출자출연기관),수세식,N,N,,Y,Y,여자화장실,,2024-02-01,I,2026-05-15 18:43:46,2024-02-15 16:17:34
3830000,202438300000100011,공중화장실,법제3조제13호,비산체육공원 간이화장실,"경기도 안양시 동안구 평촌대로 489-29, 관리동 (비산동)",경기도 안양시 동안구 비산동 20 관리동,1,1,0,0,0,0,2,0,0,안양도시공사(동안체육사업부),0313895397,상시,,,공공기관-지방공공기관(지방공기업/지방출자출연기관),수세식,N,N,,N,N,,,2024-02-01,I,2026-05-15 18:43:46,2024-02-15 16:18:53
3830000,202438300000100012,공중화장실,법제3조제16호-영제3조제1항제1호,박달복합청사,경기도 안양시 만안구 박달로 470 (박달동),경기도 안양시 만안구 박달동 141-2,10,10,5,0,0,0,5,0,0,안양도시공사(만안체육사업부),0313897885,정시,06:00~21:00,,공공기관-지방공공기관(지방공기업/지방출자출연기관),수세식,N,Y,장애인화장실,N,N,,,2024-02-01,I,2026-05-15 18:43:46,2024-02-15 16:47:25
3830000,202438300000100013,공중화장실,법제3조제5호,안양새물공원,경기도 안양시 만안구 석천로 1 (박달동),경기도 안양시 만안구 박달동 655,3,2,1,1,1,1,7,1,1,안양도시공사(만안체육사업부),0313897886,상시,,,공공기관-지방공공기관(지방공기업/지방출자출연기관),수세식,N,Y,장애인화장실+여자화장실,N,N,,,2024-02-01,I,2026-05-15 18:43:46,2024-02-15 16:49:29
3830000,202438300000100014,공중화장실,법제3조제13호,안양새물공원 축구장,경기도 안양시 만안구 석천로 1 (박달동),경기도 안양시 만안구 박달동 655,1,2,1,0,0,0,2,0,0,안양도시공사(만안체육사업부),0313897887,상시,,,공공기관-지방공공기관(지방공기업/지방출자출연기관),수세식,N,Y,여자화장실,N,N,,,2024-02-01,I,2026-05-15 18:43:46,2024-02-15 16:51:40
3830000,202438300000100015,공중화장실,법제3조제13호,서조체육시설 관리동 화장실,경기도 안양시 만안구 삼봉로 158 (박달동),경기도 안양시 만안구 박달동 214,2,2,0,0,0,0,1,0,0,안양도시공사(만안체육사업부),0313897888,정시,05:00~24:00,,공공기관-지방공공기관(지방공기업/지방출자출연기관),수세식,N,N,,N,N,,,2024-02-01,I,2026-05-15 18:43:46,2024-02-15 16:54:34
3830000,202438300000100016,공중화장실,법제3조제13호,서조체육시설다목적구장 화장실,경기도 안양시 만안구 삼봉로 158 (박달동),경기도 안양시 만안구 박달동 214,0,2,1,0,0,0,2,1,0,안양도시공사(만안체육사업부),0313897889,정시,05:00~24:00,,공공기관-지방공공기관(지방공기업/지방출자출연기관),수세식,N,N,,N,N,,,2024-02-01,I,2026-05-15 18:43:46,2024-02-15 16:54:18
3830000,202438300000100017,개방화장실,법제3조제17호-영제3조제2항제1호,백두프라자 개방화장실,"경기도 안양시 동안구 평촌대로217번길 27, 백두프라자 (호계동)",경기도 안양시 동안구 호계동 1049 백두프라자,2,3,1,0,0,0,2,1,0,백두프라자,,상시,,,민간,수세식,N,N,,N,N,,,2024-02-01,I,2026-05-15 18:43:46,2024-02-15 19:19:53
3830000,202438300000100018,공중화장실,법제3조제5호,한가람어린이공원,,경기도 안양시 동안구 관양동 1586-3,0,1,1,1,0,0,2,1,0,공원관리과,03180455021,상시,,,공공기관-지방자치단체,수세식,Y,Y,남자화장실+여자화장실,Y,N,,,2024-02-01,I,2026-05-15 18:43:46,2024-02-15 17:04:44
3830000,202438300000100019,공중화장실,법제3조제16호-영제3조제1항제1호,삼덕도서관 화장실,"경기도 안양시 만안구 병목안로 58, 안양시립삼덕도서관 (안양동)",경기도 안양시 만안구 안양동 782-30 안양시립삼덕도서관,7,8,4,0,0,0,14,4,1,만안구도서관,03180456350,정시,09:00~18:00,201609,공공기관-지방자치단체,수세식,Y,Y,여자화장실,N,Y,여자화장실,,2024-02-01,I,2026-05-15 18:43:46,2024-02-15 17:20:37
3830000,202438300000100023,개방화장실,법제3조제17호-영제3조제2항제1호,카페수다벅스 개방화장실,"경기도 안양시 만안구 명학로 56, 카페수다벅스 (안양동)",경기도 안양시 만안구 안양동 356,0,0,1,0,0,0,0,1,0,카페수다벅스,,정시,08:00~18:00,,민간,수세식,N,N,,N,N,,,2024-05-01,I,2026-05-15 18:43:46,2024-05-13 17:04:39
3830000,202438300000100024,간이화장실,법제3조제5호,간촌유아숲체험 어린이화장실,,경기도 안양시 동안구 관양동 1776,0,0,0,0,1,1,0,0,1,안양시 녹지과,03180455018,정시,09:00~18:00,202212,공공기관-지방자치단체,수세식,Y,N,,N,N,,,2022-12-31,I,2026-05-15 18:43:46,2024-07-29 14:00:29
